SET NAMES utf8mb4;
SET FOREIGN_KEY_CHECKS = 0;


INSERT INTO `fb_mall_tag` VALUES (3, 5, '简约', 0, 1, 50, 1, 1634798405, 1634798405, 5, 5);

INSERT INTO `fb_mall_vendor` VALUES (1, 5, '花生', 'funson', 'funson86@gmail.com', '18620303321', '', '', '', 1, 50, 1, 1615775282, 1615775282, 1, 1);

INSERT INTO `fb_mall_category` VALUES (1, 5, 0, '套装', '套装衣服，包含上身和下身服装', 1, '', 'suit', '', '', '', '', 1, 50, 1, 1615781948, 1634613830, 1, 5);
INSERT INTO `fb_mall_category` VALUES (2, 5, 1, '西服', '', 1, '', 'western-style-clothes', '', '', '', '', 1, 50, 1, 1615788879, 1634613989, 1, 5);
INSERT INTO `fb_mall_category` VALUES (29, 5, 1, '风衣', '', 1, '', '', '', '', NULL, '', 1, 50, 1, 1634614038, 1634614055, 5, 5);
INSERT INTO `fb_mall_category` VALUES (30, 5, 0, '连衣裙', '女性连衣裙', 1, '', 'dress', '', '', NULL, '', 1, 50, 1, 1634614097, 1634614097, 5, 5);
INSERT INTO `fb_mall_category` VALUES (31, 5, 0, '毛衣', '', 1, '', 'sweater', '', '', NULL, '', 1, 50, 1, 1634614254, 1634614292, 5, 5);

INSERT INTO `fb_mall_product`(`id`, `store_id`, `category_id`, `name`, `sku`, `stock_code`, `stock`, `stock_warning`, `weight`, `volume`, `price`, `market_price`, `cost_price`, `wholesale_price`, `thumb`, `image`, `images`, `tags`, `brief`, `content`, `seo_url`, `seo_title`, `seo_keywords`, `seo_description`, `brand_id`, `vendor_id`, `attribute_set_id`, `param_id`, `star`, `reviews`, `sales`, `click`, `type`, `sort`, `status`, `created_at`, `updated_at`, `created_by`, `updated_by`) VALUES (5, 5, 30, '2021新款冬季连衣裙', 'ABCD', '', 99992, 99999, 0.000, 0.000, 42.00, 0.00, 0.00, 0.00, '/attachment/images/2022/02/22/image_220222_336764750950039552.jpg', '/attachment/images/2022/02/22/image_220222_336764793127960576.jpg', '[\"/attachment/images/2022/02/22/image_220222_336764889521455104.jpg\", \"/attachment/images/2022/02/22/image_220222_336764820227358720.jpg\", \"/attachment/images/2022/02/22/image_220222_336764845217021952.jpg\", \"/attachment/images/2022/02/22/image_220222_336764916901871616.jpg\"]', '\"\"', '2021最新款', '<p>2021 最新款的裙子，棉质<br/></p>', '2021-new-winter-dress', '', '', '', 0, 0, 3, 11, 4.50, 0, 0, 1, 3, 50, 1, 1615889632, 1645513936, 1, 5);
INSERT INTO `fb_mall_product`(`id`, `store_id`, `category_id`, `name`, `sku`, `stock_code`, `stock`, `stock_warning`, `weight`, `volume`, `price`, `market_price`, `cost_price`, `wholesale_price`, `thumb`, `image`, `images`, `tags`, `brief`, `content`, `seo_url`, `seo_title`, `seo_keywords`, `seo_description`, `brand_id`, `vendor_id`, `attribute_set_id`, `param_id`, `star`, `reviews`, `sales`, `click`, `type`, `sort`, `status`, `created_at`, `updated_at`, `created_by`, `updated_by`) VALUES (7, 5, 30, '裙子', 'ABCDe', '', 99999, 99999, 0.000, 0.000, 100.00, 0.00, 0.00, 0.00, '/attachment/images/2022/02/18/image_220218_335250712030085120.jpg', '/attachment/images/2022/02/18/image_220218_335250712030085120.jpg', '[\"/attachment/images/2022/02/18/image_220218_335250869299707904.jpg\", \"/attachment/images/2022/02/22/image_220222_336762319876915200.jpg\", \"/attachment/images/2022/02/22/image_220222_336762349379649536.jpg\"]', NULL, '复古风', '<p>非常漂亮的复古风裙子</p>', 'dress', '', '', '', 2, 0, 1, 11, 4.00, 0, 0, 2, 2, 50, 1, 1616405810, 1645513976, 1, 5);
INSERT INTO `fb_mall_product`(`id`, `store_id`, `category_id`, `name`, `sku`, `stock_code`, `stock`, `stock_warning`, `weight`, `volume`, `price`, `market_price`, `cost_price`, `wholesale_price`, `thumb`, `image`, `images`, `tags`, `brief`, `content`, `seo_url`, `seo_title`, `seo_keywords`, `seo_description`, `brand_id`, `vendor_id`, `attribute_set_id`, `param_id`, `star`, `reviews`, `sales`, `click`, `type`, `sort`, `status`, `created_at`, `updated_at`, `created_by`, `updated_by`) VALUES (8, 5, 2, '男士修身商务西装套装', 'SU-01', '', 99999, 99999, 0.000, 0.000, 99.00, 0.00, 0.00, 0.00, '/attachment/images/2022/02/22/image_220222_336811899108720640.jpg', '/attachment/images/2022/02/22/image_220222_336812122673512448.jpg', '[\"/attachment/images/2022/02/22/image_220222_336812190436687872.jpg\", \"/attachment/images/2022/02/22/image_220222_336812277095202816.jpg\", \"/attachment/images/2022/02/22/image_220222_336812325405196288.jpg\", \"/attachment/images/2022/02/22/image_220222_336812377758498816.jpg\"]', NULL, '商务套装，修身西装，包含礼服背心和长裤', '<p>男式修身三件套，商务婚礼舞会套装，包含晚礼服背心和长裤</p>', 'men-suit-2021', '', '', '', 0, 0, 3, 11, 5.00, 0, 0, 0, 0, 50, 1, 1645525344, 1645525527, 5, 5);
INSERT INTO `fb_mall_product`(`id`, `store_id`, `category_id`, `name`, `sku`, `stock_code`, `stock`, `stock_warning`, `weight`, `volume`, `price`, `market_price`, `cost_price`, `wholesale_price`, `thumb`, `image`, `images`, `tags`, `brief`, `content`, `seo_url`, `seo_title`, `seo_keywords`, `seo_description`, `brand_id`, `vendor_id`, `attribute_set_id`, `param_id`, `star`, `reviews`, `sales`, `click`, `type`, `sort`, `status`, `created_at`, `updated_at`, `created_by`, `updated_by`) VALUES (9, 5, 30, '女式新娘蕾丝贴花婚纱', 'WEDDING-DRESS-01', '', 99999, 99999, 0.000, 0.000, 85.00, 0.00, 0.00, 0.00, '/attachment/images/2022/02/22/image_220222_336815296838893568.jpg', '/attachment/images/2022/02/22/image_220222_336815387331002368.jpg', '[\"/attachment/images/2022/02/22/image_220222_336815433254436864.jpg\", \"/attachment/images/2022/02/22/image_220222_336815490842230784.jpg\", \"/attachment/images/2022/02/22/image_220222_336815860079394816.jpg\"]', NULL, '女式新娘婚纱蕾丝贴花晚礼服V领束带舞会礼服', '<p>女式新娘婚纱蕾丝贴花晚礼服V领束带舞会礼服</p>', 'wedding-dress-lace', '', '', '', 1, 0, 3, 0, 5.00, 0, 0, 0, 7, 50, 1, 1645526101, 1645526120, 5, 5);
INSERT INTO `fb_mall_product`(`id`, `store_id`, `category_id`, `name`, `sku`, `stock_code`, `stock`, `stock_warning`, `weight`, `volume`, `price`, `market_price`, `cost_price`, `wholesale_price`, `thumb`, `image`, `images`, `tags`, `brief`, `content`, `seo_url`, `seo_title`, `seo_keywords`, `seo_description`, `brand_id`, `vendor_id`, `attribute_set_id`, `param_id`, `star`, `reviews`, `sales`, `click`, `type`, `sort`, `status`, `created_at`, `updated_at`, `created_by`, `updated_by`) VALUES (10, 5, 30, '女式新娘美人鱼蕾丝婚纱', 'WEDDING-DRESS-02', '', 99998, 99999, 0.000, 0.000, 79.00, 0.00, 0.00, 0.00, '/attachment/images/2022/02/22/image_220222_336816621714669568.jpg', '/attachment/images/2022/02/22/image_220222_336816690182488064.jpg', '[\"/attachment/images/2022/02/22/image_220222_336816744892989440.jpg\", \"/attachment/images/2022/02/22/image_220222_336816804045258752.jpg\", \"/attachment/images/2022/02/22/image_220222_336816857006735360.jpg\"]', NULL, '女式新娘美人鱼蕾丝婚纱', '', 'wedding-dress-mermaid', '', '', '', 2, 0, 0, 11, 5.00, 0, 0, 0, 0, 50, 1, 1645526341, 1645759056, 5, 5);


INSERT INTO `fb_mall_product_sku` VALUES (15, 5, '', 5, '2,3', '', 42.00, 0.00, 0.00, 0.00, 'ss', '', 0, 0.000, 0.000, 1, 50, 1, 1634784017, 1645513936, 5, 5);
INSERT INTO `fb_mall_product_sku` VALUES (16, 5, '', 5, '1,3', '', 49.00, 0.00, 0.00, 0.00, 'dd', '', 29, 0.000, 0.000, 1, 50, 1, 1634784017, 1645513936, 5, 5);
INSERT INTO `fb_mall_product_sku` VALUES (17, 5, '', 5, '2,4', '', 52.00, 0.00, 0.00, 0.00, 'x', '', 50, 0.000, 0.000, 1, 50, 1, 1634784017, 1645513936, 5, 5);
INSERT INTO `fb_mall_product_sku` VALUES (18, 5, '', 5, '1,4', '', 51.00, 0.00, 0.00, 0.00, 'd', '', 0, 0.000, 0.000, 1, 50, 1, 1634784017, 1645513936, 5, 5);
INSERT INTO `fb_mall_product_sku` VALUES (19, 5, '', 7, '5,7', '/attachment/images/2021/10/19/image_211019_291114570410360832.png', 100.00, 0.00, 0.00, 0.00, '0', '', 86, 0.000, 0.000, 1, 50, 1, 1634786534, 1645513976, 5, 5);
INSERT INTO `fb_mall_product_sku` VALUES (20, 5, '', 7, '5,6', '/attachment/images/2021/10/19/image_211019_291112138968137728.png', 0.00, 0.00, 0.00, 0.00, '0', '', 0, 0.000, 0.000, 1, 50, 1, 1634786534, 1645513976, 5, 5);
INSERT INTO `fb_mall_product_sku` VALUES (71, 5, '', 7, '6,8', '', 0.00, 0.00, 0.00, 0.00, '0', '', 0, 0.000, 0.000, 1, 50, 1, 1645513976, 1645513976, 5, 5);
INSERT INTO `fb_mall_product_sku` VALUES (72, 5, '', 7, '7,8', '', 0.00, 0.00, 0.00, 0.00, '0', '', 0, 0.000, 0.000, 1, 50, 1, 1645513976, 1645513976, 5, 5);
INSERT INTO `fb_mall_product_sku` VALUES (73, 5, '', 8, '1,3', '', 99.00, 0.00, 0.00, 0.00, '0', '', 97, 0.000, 0.000, 1, 50, 1, 1645525364, 1645525528, 5, 5);
INSERT INTO `fb_mall_product_sku` VALUES (74, 5, '', 8, '2,3', '', 99.00, 0.00, 0.00, 0.00, '0', '', 100, 0.000, 0.000, 1, 50, 1, 1645525364, 1645525528, 5, 5);
INSERT INTO `fb_mall_product_sku` VALUES (75, 5, '', 8, '1,4', '', 99.00, 0.00, 0.00, 0.00, '0', '', 100, 0.000, 0.000, 1, 50, 1, 1645525364, 1645525528, 5, 5);
INSERT INTO `fb_mall_product_sku` VALUES (76, 5, '', 8, '2,4', '', 99.00, 0.00, 0.00, 0.00, '0', '', 100, 0.000, 0.000, 1, 50, 1, 1645525364, 1645525528, 5, 5);
INSERT INTO `fb_mall_product_sku` VALUES (77, 5, '', 9, '2,3', '', 85.00, 0.00, 0.00, 0.00, '0', '', 50, 0.000, 0.000, 1, 50, 1, 1645526120, 1645526120, 5, 5);
INSERT INTO `fb_mall_product_sku` VALUES (78, 5, '', 9, '1,3', '', 85.00, 0.00, 0.00, 0.00, '0', '', 0, 0.000, 0.000, 1, 50, 1, 1645526120, 1645526120, 5, 5);
INSERT INTO `fb_mall_product_sku` VALUES (79, 5, '', 9, '2,4', '', 85.00, 0.00, 0.00, 0.00, '0', '', 50, 0.000, 0.000, 1, 50, 1, 1645526120, 1645526120, 5, 5);
INSERT INTO `fb_mall_product_sku` VALUES (80, 5, '', 9, '1,4', '', 85.00, 0.00, 0.00, 0.00, '0', '', 50, 0.000, 0.000, 1, 50, 1, 1645526120, 1645526120, 5, 5);


INSERT INTO `fb_mall_product_tag` VALUES (1, 5, '', 7, 3, 1, 50, 1, 1635387390, 1645513976, 5, 5);
INSERT INTO `fb_mall_product_tag` VALUES (2, 5, '', 8, 3, 1, 50, 1, 1645525364, 1645525528, 5, 5);


INSERT INTO `fb_mall_attribute_item` VALUES (1, 5, 1, '红色', '', 1, 50, 1, 1615802784, 1634804583, 1, 5);
INSERT INTO `fb_mall_attribute_item` VALUES (2, 5, 1, '蓝色', '', 1, 50, 1, 1615802803, 1615802803, 1, 1);
INSERT INTO `fb_mall_attribute_item` VALUES (3, 5, 2, '25', '', 1, 50, 1, 1615856532, 1615856532, 1, 1);
INSERT INTO `fb_mall_attribute_item` VALUES (4, 5, 2, '26', '', 1, 50, 1, 1615856543, 1615856543, 1, 1);
INSERT INTO `fb_mall_attribute_item` VALUES (5, 5, 3, '朱红', '', 1, 50, 1, 1615946149, 1615946161, 1, 1);
INSERT INTO `fb_mall_attribute_item` VALUES (6, 5, 4, '连衣裙', '', 1, 50, 1, 1615947032, 1615947032, 1, 1);
INSERT INTO `fb_mall_attribute_item` VALUES (7, 5, 4, '单上衣', '', 1, 50, 1, 1615947046, 1615947046, 1, 1);
INSERT INTO `fb_mall_attribute_item` VALUES (8, 5, 3, '靛蓝', '', 1, 50, 1, 1616027736, 1616027736, 1, 1);

INSERT INTO `fb_mall_attribute` VALUES (1, 5, '颜色', '', 2, 50, 1, 1615801477, 1634804018, 1, 5);
INSERT INTO `fb_mall_attribute` VALUES (2, 5, '尺码', '', 1, 50, 1, 1615801488, 1634804046, 1, 5);
INSERT INTO `fb_mall_attribute` VALUES (3, 5, '色彩', '', 2, 50, 1, 1615946104, 1635391617, 1, 5);
INSERT INTO `fb_mall_attribute` VALUES (4, 5, '款式', '', 3, 50, 1, 1615947009, 1615947009, 1, 1);

INSERT INTO `fb_mall_attribute_set` VALUES (1, 5, '衣服', '', 1, 50, 1, 1615803169, 1634805009, 1, 5);
INSERT INTO `fb_mall_attribute_set` VALUES (2, 5, '鞋子', '', 1, 50, 1, 1615858066, 1616119494, 1, 1);
INSERT INTO `fb_mall_attribute_set` VALUES (3, 5, '文字', '', 1, 50, 1, 1616119568, 1634786398, 1, 5);

INSERT INTO `fb_mall_attribute_set_attribute` VALUES (1, 5, '', 3, 1, 1, 50, 1, 1616122249, 1616137382, 1, 1);
INSERT INTO `fb_mall_attribute_set_attribute` VALUES (2, 5, '', 3, 2, 1, 35, 1, 1616122320, 1616137382, 1, 1);
INSERT INTO `fb_mall_attribute_set_attribute` VALUES (3, 5, '', 1, 3, 1, 50, 1, 1634786416, 1634805009, 5, 5);
INSERT INTO `fb_mall_attribute_set_attribute` VALUES (4, 5, '', 1, 4, 1, 50, 1, 1634786416, 1634805009, 5, 5);

INSERT INTO `fb_mall_product_attribute_item_label` VALUES (1, 5, '朱红', 7, 5, 'e12121', 2, 50, 1, 1634786534, 1645513976, 5, 5);
INSERT INTO `fb_mall_product_attribute_item_label` VALUES (2, 5, '靛蓝', 7, 8, '1212da', 2, 50, 1, 1634786534, 1645513976, 5, 5);
INSERT INTO `fb_mall_product_attribute_item_label` VALUES (3, 5, '连衣裙', 7, 6, '/attachment/images/2021/10/19/image_211019_291112138968137728.png', 3, 50, 1, 1634786534, 1645513976, 5, 5);
INSERT INTO `fb_mall_product_attribute_item_label` VALUES (4, 5, '单上衣', 7, 7, '/attachment/images/2021/10/19/image_211019_291114570410360832.png', 3, 50, 1, 1634786534, 1645513976, 5, 5);
INSERT INTO `fb_mall_product_attribute_item_label` VALUES (5, 5, '红色', 5, 1, 'ff0000', 2, 50, 1, 1641370547, 1645513936, 5, 5);
INSERT INTO `fb_mall_product_attribute_item_label` VALUES (6, 5, '蓝色', 5, 2, '3c78d8', 2, 50, 1, 1641370547, 1645513936, 5, 5);
INSERT INTO `fb_mall_product_attribute_item_label` VALUES (7, 5, '红色', 8, 1, 'a61c00', 2, 50, 1, 1645525364, 1645525528, 5, 5);
INSERT INTO `fb_mall_product_attribute_item_label` VALUES (8, 5, '蓝色', 8, 2, '073763', 2, 50, 1, 1645525364, 1645525528, 5, 5);
INSERT INTO `fb_mall_product_attribute_item_label` VALUES (9, 5, '红色', 9, 1, 'ff0000', 2, 50, 1, 1645526120, 1645526120, 5, 5);
INSERT INTO `fb_mall_product_attribute_item_label` VALUES (10, 5, '蓝色', 9, 2, '0000ff', 2, 50, 1, 1645526120, 1645526120, 5, 5);

INSERT INTO `fb_mall_brand` VALUES (1, 5, '苹果', '/attachment/images/2021/10/19/image_211019_291112138968137728.png', '', 'https://www.apple.com', 1, 50, 1, 1615774573, 1634629586, 1, 5);
INSERT INTO `fb_mall_brand` VALUES (2, 5, '鸿星尔克', '/attachment/images/2021/10/19/image_211019_291114570410360832.png', '', 'https://www.erke.com', 1, 50, 1, 1634629994, 1634630059, 5, 5);

INSERT INTO `fb_mall_review` VALUES (1, 5, 0, 5, 1, 'test', 0, 5, '很好用', 0, 0, 1, 50, 1, 1, 1, 1, 1);

INSERT INTO `fb_mall_consultation` VALUES (1, 5, 5, 5, 'funson86@gmail.com', 'test?', 'yes', 1, 50, 1, 1641802220, 1641802220, 5, 5);
INSERT INTO `fb_mall_consultation` VALUES (2, 5, 5, 5, 'funson86@gmail.com', '自己能组装吗？', '可以的，很简单', 1, 50, 1, 1641803693, 1641803953, 5, 5);

INSERT INTO `fb_mall_coupon_type` VALUES (12, 5, 'New Year Promotion', '-10%', 5.00, 1643126400, 1959004799, 'NEWYEAR', 1, 50, 1, 1643169105, 1643169105, 5, 5);


INSERT INTO `fb_mall_param` VALUES (2, 5, 0, '手机', '手机参数', 1, 50, 1, 1616137892, 1616141444, 1, 1);
INSERT INTO `fb_mall_param` VALUES (3, 5, 2, '主体', '主体', 1, 50, 1, 1616138177, 1616141444, 1, 1);
INSERT INTO `fb_mall_param` VALUES (4, 5, 2, '基本信息', '基本信息', 1, 50, 1, 1616138177, 1616141444, 1, 1);
INSERT INTO `fb_mall_param` VALUES (5, 5, 3, '产品名称', '产品名称', 1, 50, 1, 1616138662, 1616141362, 1, 1);
INSERT INTO `fb_mall_param` VALUES (6, 5, 3, '上市年月', '上市年月', 1, 50, 1, 1616138662, 1616141362, 1, 1);
INSERT INTO `fb_mall_param` VALUES (7, 5, 4, '机身宽度', '', 1, 50, 1, 1616138755, 1616138755, 1, 1);
INSERT INTO `fb_mall_param` VALUES (8, 5, 4, '机身高度', '', 1, 50, 1, 1616138755, 1616138755, 1, 1);
INSERT INTO `fb_mall_param` VALUES (9, 5, 4, '机身重量', '', 1, 50, 1, 1616138755, 1616138755, 1, 1);
INSERT INTO `fb_mall_param` VALUES (11, 5, 0, '衣服', '', 1, 50, 1, 1616404977, 1634797905, 1, 5);
INSERT INTO `fb_mall_param` VALUES (12, 5, 11, '材质', '', 1, 50, 1, 1616404977, 1645493230, 1, 5);
INSERT INTO `fb_mall_param` VALUES (13, 5, 11, '产地', '', 1, 50, 1, 1616404977, 1645493241, 1, 5);

INSERT INTO `fb_mall_product_param` VALUES (8, 5, 7, 12, '材质', '棉', 1, 50, 1, 1616405810, 1645513976, 1, 5);
INSERT INTO `fb_mall_product_param` VALUES (9, 5, 7, 13, '产地', '中国', 1, 50, 1, 1616405810, 1645513976, 1, 5);
INSERT INTO `fb_mall_product_param` VALUES (10, 5, 5, 12, '材质', 'Cotten', 1, 50, 1, 1634781419, 1645513936, 5, 5);
INSERT INTO `fb_mall_product_param` VALUES (11, 5, 5, 13, '产地', 'China', 1, 50, 1, 1634781419, 1645513936, 5, 5);
INSERT INTO `fb_mall_product_param` VALUES (12, 5, 8, 12, '材质', '棉', 1, 50, 1, 1645525364, 1645525528, 5, 5);
INSERT INTO `fb_mall_product_param` VALUES (13, 5, 8, 13, '产地', '中国', 1, 50, 1, 1645525364, 1645525528, 5, 5);
INSERT INTO `fb_mall_product_param` VALUES (14, 5, 10, 12, '材质', '棉', 1, 50, 1, 1645526352, 1645526431, 5, 5);
INSERT INTO `fb_mall_product_param` VALUES (15, 5, 10, 13, '产地', '中国', 1, 50, 1, 1645526352, 1645526431, 5, 5);



INSERT INTO `fb_base_setting`(`id`, `store_id`, `app_id`, `setting_type_id`, `name`, `code`, `value`, `type`, `sort`, `status`, `created_at`, `updated_at`, `created_by`, `updated_by`) VALUES (291400983978704896, 5, 'app-backend', 2150, '默认货币', 'mall_currency_default', 'USD', 1, 50, 1, 1634698296, 1634698296, 5, 5);
INSERT INTO `fb_base_setting`(`id`, `store_id`, `app_id`, `setting_type_id`, `name`, `code`, `value`, `type`, `sort`, `status`, `created_at`, `updated_at`, `created_by`, `updated_by`) VALUES (291400984322637824, 5, 'app-backend', 2151, '货币', 'mall_currencies', '[{\"code\":\"USD\",\"symbol\":\"$\",\"rate\":\"1\"},{\"code\":\"CNY\",\"symbol\":\"¥\",\"rate\":\"6.5\"},{\"code\":\"EUR\",\"symbol\":\"€\",\"rate\":\"0.93\"},{\"code\":\"GBP\",\"symbol\":\"£\",\"rate\":\"0.8\"}]', 1, 50, 1, 1634698296, 1640221828, 5, 1);
INSERT INTO `fb_base_setting`(`id`, `store_id`, `app_id`, `setting_type_id`, `name`, `code`, `value`, `type`, `sort`, `status`, `created_at`, `updated_at`, `created_by`, `updated_by`) VALUES (326688031249530880, 5, 'app-backend', 2321, 'PayPal Client ID', 'mall_payment_paypal_client_id', 'AUA4FgSP_1oOnAahLBw6NhIw8q6xRVFBS0QE326ypx2X9skFHRkiGVocRw9t1B6IJO_c2KQM3t7An8rT', 1, 50, 1, 1643111384, 1643111384, 5, 5);
INSERT INTO `fb_base_setting`(`id`, `store_id`, `app_id`, `setting_type_id`, `name`, `code`, `value`, `type`, `sort`, `status`, `created_at`, `updated_at`, `created_by`, `updated_by`) VALUES (326688031387942912, 5, 'app-backend', 2322, 'PayPal Secret', 'mall_payment_paypal_secret', '', 1, 50, 1, 1643111384, 1643111384, 5, 5);
INSERT INTO `fb_base_setting`(`id`, `store_id`, `app_id`, `setting_type_id`, `name`, `code`, `value`, `type`, `sort`, `status`, `created_at`, `updated_at`, `created_by`, `updated_by`) VALUES (337795396862476288, 5, 'app-backend', 5001, '网站标题', 'website_name', 'Funmall', 1, 50, 1, 1645759586, 1645759586, 5, 5);

INSERT INTO `fb_base_lang` VALUES (336817142403956736, 5, 'content', 'zh-CN', 'sv', 2400, 10, '', 1, 50, 1, 1645526352, 1645526352, 5, 5);
INSERT INTO `fb_base_lang` VALUES (336817142382985216, 5, 'content', 'zh-CN', 'nl', 2400, 10, '', 1, 50, 1, 1645526352, 1645526352, 5, 5);
INSERT INTO `fb_base_lang` VALUES (336817142362013696, 5, 'content', 'zh-CN', 'ko', 2400, 10, '', 1, 50, 1, 1645526352, 1645526352, 5, 5);
INSERT INTO `fb_base_lang` VALUES (336817142341042176, 5, 'content', 'zh-CN', 'jp', 2400, 10, '', 1, 50, 1, 1645526352, 1645526352, 5, 5);
INSERT INTO `fb_base_lang` VALUES (336817142320070656, 5, 'content', 'zh-CN', 'ar', 2400, 10, '', 1, 50, 1, 1645526352, 1645526352, 5, 5);
INSERT INTO `fb_base_lang` VALUES (336817142299099136, 5, 'content', 'zh-CN', 'tr', 2400, 10, '', 1, 50, 1, 1645526352, 1645526352, 5, 5);
INSERT INTO `fb_base_lang` VALUES (336817142273933312, 5, 'content', 'zh-CN', 'pt', 2400, 10, '', 1, 50, 1, 1645526352, 1645526352, 5, 5);
INSERT INTO `fb_base_lang` VALUES (336817142252961792, 5, 'content', 'zh-CN', 'es', 2400, 10, '', 1, 50, 1, 1645526352, 1645526352, 5, 5);
INSERT INTO `fb_base_lang` VALUES (336817142231990272, 5, 'content', 'zh-CN', 'it', 2400, 10, '', 1, 50, 1, 1645526352, 1645526352, 5, 5);
INSERT INTO `fb_base_lang` VALUES (336817142211018752, 5, 'content', 'zh-CN', 'ru', 2400, 10, '', 1, 50, 1, 1645526352, 1645526352, 5, 5);
INSERT INTO `fb_base_lang` VALUES (336817142190047232, 5, 'content', 'zh-CN', 'de', 2400, 10, '', 1, 50, 1, 1645526352, 1645526352, 5, 5);
INSERT INTO `fb_base_lang` VALUES (336817142169075712, 5, 'content', 'zh-CN', 'fr', 2400, 10, '', 1, 50, 1, 1645526352, 1645526352, 5, 5);
INSERT INTO `fb_base_lang` VALUES (336817142148104192, 5, 'content', 'zh-CN', 'zh-HK', 2400, 10, '', 1, 50, 1, 1645526352, 1645526352, 5, 5);
INSERT INTO `fb_base_lang` VALUES (336817142127132672, 5, 'content', 'zh-CN', 'en', 2400, 10, '', 1, 50, 1, 1645526352, 1645526352, 5, 5);
INSERT INTO `fb_base_lang` VALUES (336817140164198400, 5, 'brief', 'zh-CN', 'sv', 2400, 10, 'Vestido de casamento Mermaid Lace da noiva das mulheres', 1, 50, 1, 1645526352, 1645759067, 5, 5);
INSERT INTO `fb_base_lang` VALUES (336817138280955904, 5, 'brief', 'zh-CN', 'nl', 2400, 10, 'Vrouwen bruid Mermaid Kant Bruidsjurk', 1, 50, 1, 1645526351, 1645759066, 5, 5);
INSERT INTO `fb_base_lang` VALUES (336817136695508992, 5, 'brief', 'zh-CN', 'ko', 2400, 10, '레이스 웨딩드레스', 1, 50, 1, 1645526351, 1645759066, 5, 5);
INSERT INTO `fb_base_lang` VALUES (336817135059730432, 5, 'brief', 'zh-CN', 'jp', 2400, 10, '女性の花嫁の人魚のレースのウエディングドレス', 1, 50, 1, 1645526351, 1645759066, 5, 5);
INSERT INTO `fb_base_lang` VALUES (336817134002765824, 5, 'brief', 'zh-CN', 'ar', 2400, 10, 'عروس عروس عروس عروس عروس عروس عروس عروس', 1, 50, 1, 1645526350, 1645759065, 5, 5);
INSERT INTO `fb_base_lang` VALUES (336817132044025856, 5, 'brief', 'zh-CN', 'tr', 2400, 10, 'Kadınların gelini Mermaid Lace Noel Dress', 1, 50, 1, 1645526350, 1645759065, 5, 5);
INSERT INTO `fb_base_lang` VALUES (336817130492133376, 5, 'brief', 'zh-CN', 'pt', 2400, 10, 'Vestido de casamento Mermaid Lace da noiva das mulheres', 1, 50, 1, 1645526350, 1645759065, 5, 5);
INSERT INTO `fb_base_lang` VALUES (336817129711992832, 5, 'brief', 'zh-CN', 'es', 2400, 10, 'Vestido de novia de encaje de sirena', 1, 50, 1, 1645526349, 1645759064, 5, 5);
INSERT INTO `fb_base_lang` VALUES (336817128164294656, 5, 'brief', 'zh-CN', 'it', 2400, 10, 'Abito da sposa in pizzo sirena delle donne', 1, 50, 1, 1645526349, 1645759064, 5, 5);
INSERT INTO `fb_base_lang` VALUES (336817127321239552, 5, 'brief', 'zh-CN', 'ru', 2400, 10, 'свадебное платье', 1, 50, 1, 1645526349, 1645759063, 5, 5);
INSERT INTO `fb_base_lang` VALUES (336817126352355328, 5, 'brief', 'zh-CN', 'de', 2400, 10, 'Damen Braut Mermaid Spitze Brautkleid', 1, 50, 1, 1645526348, 1645759063, 5, 5);
INSERT INTO `fb_base_lang` VALUES (336817124414586880, 5, 'brief', 'zh-CN', 'fr', 2400, 10, 'Robe de mariée en dentelle de sirène pour femmes', 1, 50, 1, 1645526348, 1645759063, 5, 5);
INSERT INTO `fb_base_lang` VALUES (336817122900443136, 5, 'brief', 'zh-CN', 'zh-HK', 2400, 10, '女式新娘美人魚蕾絲婚紗', 1, 50, 1, 1645526348, 1645759062, 5, 5);
INSERT INTO `fb_base_lang` VALUES (336817121071726592, 5, 'brief', 'zh-CN', 'en', 2400, 10, 'Women\'s Lace Mermaid Bridal Wedding Dresses', 1, 50, 1, 1645526347, 1645526347, 5, 5);
INSERT INTO `fb_base_lang` VALUES (336817119473696768, 5, 'name', 'zh-CN', 'sv', 2400, 10, 'Vestido de casamento Mermaid Lace da noiva das mulheres', 1, 50, 1, 1645526347, 1645759062, 5, 5);
INSERT INTO `fb_base_lang` VALUES (336817117041000448, 5, 'name', 'zh-CN', 'nl', 2400, 10, 'Vrouwen bruid Mermaid Kant Bruidsjurk', 1, 50, 1, 1645526347, 1645759062, 5, 5);
INSERT INTO `fb_base_lang` VALUES (336817115061288960, 5, 'name', 'zh-CN', 'ko', 2400, 10, '레이스 웨딩드레스', 1, 50, 1, 1645526346, 1645759061, 5, 5);
INSERT INTO `fb_base_lang` VALUES (336817113157074944, 5, 'name', 'zh-CN', 'jp', 2400, 10, '女性の花嫁の人魚のレースのウエディングドレス', 1, 50, 1, 1645526345, 1645759061, 5, 5);
INSERT INTO `fb_base_lang` VALUES (336817111810703360, 5, 'name', 'zh-CN', 'ar', 2400, 10, 'عروس عروس عروس عروس عروس عروس عروس عروس', 1, 50, 1, 1645526345, 1645759060, 5, 5);
INSERT INTO `fb_base_lang` VALUES (336817109235400704, 5, 'name', 'zh-CN', 'tr', 2400, 10, 'Kadınların gelini Mermaid Lace Noel Dress', 1, 50, 1, 1645526345, 1645759060, 5, 5);
INSERT INTO `fb_base_lang` VALUES (336817107050168320, 5, 'name', 'zh-CN', 'pt', 2400, 10, 'Vestido de casamento Mermaid Lace da noiva das mulheres', 1, 50, 1, 1645526344, 1645759059, 5, 5);
INSERT INTO `fb_base_lang` VALUES (336817104776855552, 5, 'name', 'zh-CN', 'es', 2400, 10, 'Vestido de novia de encaje de sirena', 1, 50, 1, 1645526344, 1645759059, 5, 5);
INSERT INTO `fb_base_lang` VALUES (336817102998470656, 5, 'name', 'zh-CN', 'it', 2400, 10, 'Abito da sposa in pizzo sirena delle donne', 1, 50, 1, 1645526343, 1645759059, 5, 5);
INSERT INTO `fb_base_lang` VALUES (336817101547241472, 5, 'name', 'zh-CN', 'ru', 2400, 10, 'свадебное платье', 1, 50, 1, 1645526343, 1645759058, 5, 5);
INSERT INTO `fb_base_lang` VALUES (336817100184092672, 5, 'name', 'zh-CN', 'de', 2400, 10, 'Damen Braut Mermaid Spitze Brautkleid', 1, 50, 1, 1645526342, 1645759058, 5, 5);
INSERT INTO `fb_base_lang` VALUES (336817098829332480, 5, 'name', 'zh-CN', 'fr', 2400, 10, 'Robe de mariée en dentelle de sirène pour femmes', 1, 50, 1, 1645526342, 1645759057, 5, 5);
INSERT INTO `fb_base_lang` VALUES (336817097151610880, 5, 'name', 'zh-CN', 'zh-HK', 2400, 10, '女式新娘美人魚蕾絲婚紗', 1, 50, 1, 1645526342, 1645759057, 5, 5);
INSERT INTO `fb_base_lang` VALUES (336817095427751936, 5, 'name', 'zh-CN', 'en', 2400, 10, 'Women\'s Lace Mermaid Bridal Wedding Dresses', 1, 50, 1, 1645526341, 1645526341, 5, 5);
INSERT INTO `fb_base_lang` VALUES (336816168796946432, 5, 'content', 'zh-CN', 'sv', 2400, 9, '<p>Vestido de Noiva Feminina Lace Applique vestido de noite V-neck Lace Prom Dress</p>', 1, 50, 1, 1645526120, 1645526120, 5, 5);
INSERT INTO `fb_base_lang` VALUES (336816167387660288, 5, 'content', 'zh-CN', 'nl', 2400, 9, '<p>Vrouwen Bruidsjurk Kant Applique avondjurk V-hals Kant Prom Jurk</p>', 1, 50, 1, 1645526120, 1645526120, 5, 5);
INSERT INTO `fb_base_lang` VALUES (336816165198233600, 5, 'content', 'zh-CN', 'ko', 2400, 9, '<p>여성신부 웨딩드레스 레이스 꽃무늬 드레스 V 넥타이 무도회 드레스</p>', 1, 50, 1, 1645526120, 1645526120, 5, 5);
INSERT INTO `fb_base_lang` VALUES (336816163377905664, 5, 'content', 'zh-CN', 'jp', 2400, 9, '<p>女性花嫁ウエディングドレスレースシールドレスVネクタイダンスドレス</p>', 1, 50, 1, 1645526119, 1645526119, 5, 5);
INSERT INTO `fb_base_lang` VALUES (336816160798408704, 5, 'content', 'zh-CN', 'ar', 2400, 9, '< ف > فستان الزفاف المرأة الدانتيل صقة مساء اللباس الخامس الرقبة مشد ثوب الكرة < / p >', 1, 50, 1, 1645526119, 1645526119, 5, 5);
INSERT INTO `fb_base_lang` VALUES (336816157963059200, 5, 'content', 'zh-CN', 'tr', 2400, 9, 'Kadınların Bridal Evlilik Dress Lace Applique gece elbisesi V-neck Lace Prom Dress', 1, 50, 1, 1645526118, 1645526118, 5, 5);
INSERT INTO `fb_base_lang` VALUES (336816156109176832, 5, 'content', 'zh-CN', 'pt', 2400, 9, '<p>Vestido de Noiva Feminina Lace Applique vestido de noite V-neck Lace Prom Dress</p>', 1, 50, 1, 1645526117, 1645526117, 5, 5);
INSERT INTO `fb_base_lang` VALUES (336816153525485568, 5, 'content', 'zh-CN', 'es', 2400, 9, 'Vestido de novia, vestido de novia, encaje, calcomanías, vestido de noche, cuello V, vestido de baile', 1, 50, 1, 1645526117, 1645526117, 5, 5);
INSERT INTO `fb_base_lang` VALUES (336816152254611456, 5, 'content', 'zh-CN', 'it', 2400, 9, '<p>Abito da sposa delle donne Pizzo Applique abito da sera scollo a V Pizzo Prom Dress</p>', 1, 50, 1, 1645526116, 1645526116, 5, 5);
INSERT INTO `fb_base_lang` VALUES (336816150853713920, 5, 'content', 'zh-CN', 'ru', 2400, 9, 'женская невеста свадебное платье Тереза смокинг v воротник платье бал', 1, 50, 1, 1645526116, 1645526116, 5, 5);
INSERT INTO `fb_base_lang` VALUES (336816148563623936, 5, 'content', 'zh-CN', 'de', 2400, 9, '<p>Damen Brautkleid Spitze Applique Abendkleid V-Ausschnitt Spitze Prom Kleid</p>', 1, 50, 1, 1645526116, 1645526116, 5, 5);
INSERT INTO `fb_base_lang` VALUES (336816145925406720, 5, 'content', 'zh-CN', 'fr', 2400, 9, '< p > femme mariée robe de mariée dentelle décalcomanie robe de soirée V - neck Strap robe de bal < / p >', 1, 50, 1, 1645526115, 1645526115, 5, 5);
INSERT INTO `fb_base_lang` VALUES (336816143400435712, 5, 'content', 'zh-CN', 'zh-HK', 2400, 9, '<p>女式新娘婚紗蕾絲貼花晚禮服V領束帶舞會禮服</p>', 1, 50, 1, 1645526114, 1645526114, 5, 5);
INSERT INTO `fb_base_lang` VALUES (336816140875464704, 5, 'content', 'zh-CN', 'en', 2400, 9, '<p>Women\'s Bridal Wedding Dress Lace Applique evening dress V-neck Lace Prom Dress</p>', 1, 50, 1, 1645526114, 1645526114, 5, 5);
INSERT INTO `fb_base_lang` VALUES (336816139206131712, 5, 'brief', 'zh-CN', 'sv', 2400, 9, 'Vestido de Noiva Feminina Lace Applique vestido de noite V-neck Lace Prom Dress', 1, 50, 1, 1645526113, 1645526113, 5, 5);
INSERT INTO `fb_base_lang` VALUES (336816136806989824, 5, 'brief', 'zh-CN', 'nl', 2400, 9, 'Vrouwen Bruidsjurk Kant Applique avondjurk V-hals Kant Prom Jurk', 1, 50, 1, 1645526113, 1645526113, 5, 5);
INSERT INTO `fb_base_lang` VALUES (336816134793723904, 5, 'brief', 'zh-CN', 'ko', 2400, 9, '여성 신부 웨딩드레스 레이스 꽃무늬 드레스 V 넥타이 무도회 드레스', 1, 50, 1, 1645526112, 1645526112, 5, 5);
INSERT INTO `fb_base_lang` VALUES (336816132679794688, 5, 'brief', 'zh-CN', 'jp', 2400, 9, '女性の式の花嫁のウェディングドレスのレースは花の晩礼服Vネクタイのダンスパーティーの礼服を貼ります', 1, 50, 1, 1645526112, 1645526112, 5, 5);
INSERT INTO `fb_base_lang` VALUES (336816131035627520, 5, 'brief', 'zh-CN', 'ar', 2400, 9, 'إمرأة ثوب زفافيّ زفافيّ عرس شريط زين مساء ثوب', 1, 50, 1, 1645526111, 1645526111, 5, 5);
INSERT INTO `fb_base_lang` VALUES (336816128443547648, 5, 'brief', 'zh-CN', 'tr', 2400, 9, 'Kadınların Bridal Wedding Dress Lace Applique gece elbisesi V-neck Lace Prom Dress', 1, 50, 1, 1645526111, 1645526111, 5, 5);
INSERT INTO `fb_base_lang` VALUES (336816127294308352, 5, 'brief', 'zh-CN', 'pt', 2400, 9, 'Vestido de Noiva Feminina Lace Applique vestido de noite V-neck Lace Prom Dress', 1, 50, 1, 1645526110, 1645526110, 5, 5);
INSERT INTO `fb_base_lang` VALUES (336816125708861440, 5, 'brief', 'zh-CN', 'es', 2400, 9, 'Vestido de novia, vestido de novia, vestido de noche de encaje', 1, 50, 1, 1645526110, 1645526110, 5, 5);
INSERT INTO `fb_base_lang` VALUES (336816124530262016, 5, 'brief', 'zh-CN', 'it', 2400, 9, 'Abito da sposa delle donne Pizzo Applique abito da sera scollo a V Pizzo Prom Dress', 1, 50, 1, 1645526110, 1645526110, 5, 5);
INSERT INTO `fb_base_lang` VALUES (336816123095810048, 5, 'brief', 'zh-CN', 'ru', 2400, 9, 'женская свадебная пряжа Тереза смокинг v воротник платье бала', 1, 50, 1, 1645526109, 1645526109, 5, 5);
INSERT INTO `fb_base_lang` VALUES (336816121158041600, 5, 'brief', 'zh-CN', 'de', 2400, 9, 'Damen Brautkleid Spitze Applique Abendkleid V-Ausschnitt Spitze Prom Kleid', 1, 50, 1, 1645526109, 1645526109, 5, 5);
INSERT INTO `fb_base_lang` VALUES (336816118633070592, 5, 'brief', 'zh-CN', 'fr', 2400, 9, 'Robe de mariée pour femmes robe de soirée décalée en dentelle V - neck Band robe de bal', 1, 50, 1, 1645526109, 1645526109, 5, 5);
INSERT INTO `fb_base_lang` VALUES (336816117068595200, 5, 'brief', 'zh-CN', 'zh-HK', 2400, 9, '女式新娘婚紗蕾絲貼花晚禮服V領束帶舞會禮服', 1, 50, 1, 1645526108, 1645526108, 5, 5);
INSERT INTO `fb_base_lang` VALUES (336816115541868544, 5, 'brief', 'zh-CN', 'en', 2400, 9, 'Women\'s Bridal Wedding Dress Lace Applique evening dress V-neck Lace Prom Dress', 1, 50, 1, 1645526108, 1645526108, 5, 5);
INSERT INTO `fb_base_lang` VALUES (336816113507631104, 5, 'name', 'zh-CN', 'sv', 2400, 9, 'Vestido de casamento Applique de renda nupcial feminino', 1, 50, 1, 1645526107, 1645526107, 5, 5);
INSERT INTO `fb_base_lang` VALUES (336816112081567744, 5, 'name', 'zh-CN', 'nl', 2400, 9, 'Vrouwen bruids kant Applique Bruidsjurk', 1, 50, 1, 1645526107, 1645526107, 5, 5);
INSERT INTO `fb_base_lang` VALUES (336816109984415744, 5, 'name', 'zh-CN', 'ko', 2400, 9, '레이스 꽃 웨딩드레스', 1, 50, 1, 1645526106, 1645526106, 5, 5);
INSERT INTO `fb_base_lang` VALUES (336816108004704256, 5, 'name', 'zh-CN', 'jp', 2400, 9, '女性の花嫁のレースは花のウエディングドレスを貼ります', 1, 50, 1, 1645526106, 1645526106, 5, 5);
INSERT INTO `fb_base_lang` VALUES (336816106159210496, 5, 'name', 'zh-CN', 'ar', 2400, 9, 'السيدات فستان الزفاف الدانتيل زين', 1, 50, 1, 1645526105, 1645526105, 5, 5);
INSERT INTO `fb_base_lang` VALUES (336816103302889472, 5, 'name', 'zh-CN', 'tr', 2400, 9, 'Kadınların evliliği Applique Evlilik Giysisi', 1, 50, 1, 1645526105, 1645526105, 5, 5);
INSERT INTO `fb_base_lang` VALUES (336816101407064064, 5, 'name', 'zh-CN', 'pt', 2400, 9, 'Vestido de casamento Applique de renda nupcial feminino', 1, 50, 1, 1645526104, 1645526104, 5, 5);
INSERT INTO `fb_base_lang` VALUES (336816099515432960, 5, 'name', 'zh-CN', 'es', 2400, 9, 'Vestido de novia de encaje', 1, 50, 1, 1645526104, 1645526104, 5, 5);
INSERT INTO `fb_base_lang` VALUES (336816097648967680, 5, 'name', 'zh-CN', 'it', 2400, 9, 'Abito da sposa in pizzo Applique delle donne', 1, 50, 1, 1645526103, 1645526103, 5, 5);
INSERT INTO `fb_base_lang` VALUES (336816096495534080, 5, 'name', 'zh-CN', 'ru', 2400, 9, 'свадебное платье невесты', 1, 50, 1, 1645526103, 1645526103, 5, 5);
INSERT INTO `fb_base_lang` VALUES (336816094499045376, 5, 'name', 'zh-CN', 'de', 2400, 9, 'Damen Braut Spitze Applique Brautkleid', 1, 50, 1, 1645526103, 1645526103, 5, 5);
INSERT INTO `fb_base_lang` VALUES (336816093270114304, 5, 'name', 'zh-CN', 'fr', 2400, 9, 'Robe de mariée décalée en dentelle pour femmes', 1, 50, 1, 1645526102, 1645526102, 5, 5);
INSERT INTO `fb_base_lang` VALUES (336816091693056000, 5, 'name', 'zh-CN', 'zh-HK', 2400, 9, '女式新娘蕾絲貼花婚紗', 1, 50, 1, 1645526102, 1645526102, 5, 5);
INSERT INTO `fb_base_lang` VALUES (336816089566543872, 5, 'name', 'zh-CN', 'en', 2400, 9, 'Women\'s bridal lace Applique Wedding Dress', 1, 50, 1, 1645526101, 1645526101, 5, 5);
INSERT INTO `fb_base_lang` VALUES (336812994400878592, 5, 'content', 'zh-CN', 'sv', 2400, 8, '<p>terno de três peças slim fit masculino, terno de baile de casamento de negócios, incluindo vestido de noite, colete e calças</p>', 1, 50, 1, 1645525363, 1645525363, 5, 5);
INSERT INTO `fb_base_lang` VALUES (336812992152731648, 5, 'content', 'zh-CN', 'nl', 2400, 8, '<p>Mannen slank passend driedelig pak, zakelijke bruiloft bal pak, inclusief avondjurk, vest en broek</p>', 1, 50, 1, 1645525363, 1645525363, 5, 5);
INSERT INTO `fb_base_lang` VALUES (336812989724229632, 5, 'content', 'zh-CN', 'ko', 2400, 8, '<p>남성용 슬림한 3종 세트, 비즈니스 결혼식 무도회 세트, 이브닝 드레스 조끼와 긴 바지 포함</p>', 1, 50, 1, 1645525363, 1645525363, 5, 5);
INSERT INTO `fb_base_lang` VALUES (336812987035680768, 5, 'content', 'zh-CN', 'jp', 2400, 8, '<p>男性用修身3つセット、ビジネスウェディングパーティーセット、ドレスのチョッキとズボンを含む</p>', 1, 50, 1, 1645525362, 1645525362, 5, 5);
INSERT INTO `fb_base_lang` VALUES (336812984716230656, 5, 'content', 'zh-CN', 'ar', 2400, 8, '<p>&lt; ع &gt; &lt; ع &gt; الرجال ثلاثة قطعة تناسب الأعمال التجارية الزفاف ، بما في ذلك مساء اللباس سترة والسراويل</p>', 1, 50, 1, 1645525361, 1645525448, 5, 5);
INSERT INTO `fb_base_lang` VALUES (336812980916191232, 5, 'content', 'zh-CN', 'tr', 2400, 8, '<p>Erkekler üç parça takımı uyuyor, iş Düğün Topu takımı, akşam elbisesi, yeleği ve pantolon dahil.</p>', 1, 50, 1, 1645525361, 1645525448, 5, 5);
INSERT INTO `fb_base_lang` VALUES (336812979565625344, 5, 'content', 'zh-CN', 'pt', 2400, 8, '<p>terno de três peças slim fit masculino, terno de baile de casamento de negócios, incluindo vestido de noite, colete e calças</p>', 1, 50, 1, 1645525360, 1645525360, 5, 5);
INSERT INTO `fb_base_lang` VALUES (336812976788996096, 5, 'content', 'zh-CN', 'es', 2400, 8, '<p>Traje de tres piezas para hombres, traje de baile de bodas de negocios, incluyendo chaleco de esmoquin y pantalones</p>', 1, 50, 1, 1645525360, 1645525448, 5, 5);
INSERT INTO `fb_base_lang` VALUES (336812975044165632, 5, 'content', 'zh-CN', 'it', 2400, 8, '<p>Abito da uomo slim fit a tre pezzi, abito da sposa aziendale, compreso abito da sera, gilet e pantaloni</p>', 1, 50, 1, 1645525359, 1645525359, 5, 5);
INSERT INTO `fb_base_lang` VALUES (336812973219643392, 5, 'content', 'zh-CN', 'ru', 2400, 8, '<p>мужской костюм для свадьбы, включая смокинг жилет и брюки</p>', 1, 50, 1, 1645525358, 1645525448, 5, 5);
INSERT INTO `fb_base_lang` VALUES (336812971772608512, 5, 'content', 'zh-CN', 'de', 2400, 8, '<p>Herren schmal sitzender dreiteiliger Anzug, Business Hochzeit Ball Anzug, einschließlich Abendkleid, Weste und Hose</p>', 1, 50, 1, 1645525358, 1645525358, 5, 5);
INSERT INTO `fb_base_lang` VALUES (336812969474129920, 5, 'content', 'zh-CN', 'fr', 2400, 8, '<p>&lt; p &gt; ensemble de trois pièces pour hommes, costume de bal de mariage d&#39;affaires, y compris gilet de soirée et pantalon &lt; / p &gt;</p>', 1, 50, 1, 1645525358, 1645525448, 5, 5);
INSERT INTO `fb_base_lang` VALUES (336812968618491904, 5, 'content', 'zh-CN', 'zh-HK', 2400, 8, '<p>男式修身三件套，商務婚禮舞會套裝，包含晚禮服背心和長褲</p>', 1, 50, 1, 1645525357, 1645525357, 5, 5);
INSERT INTO `fb_base_lang` VALUES (336812967184039936, 5, 'content', 'zh-CN', 'en', 2400, 8, '<p>Men&#39;s slim fitting three piece suit, business Wedding Ball suit, including evening dress, vest and trousers</p>', 1, 50, 1, 1645525357, 1645525448, 5, 5);
INSERT INTO `fb_base_lang` VALUES (336812966240321536, 5, 'brief', 'zh-CN', 'sv', 2400, 8, 'Fato de negócios, terno fino, incluindo vestido, colete e calças', 1, 50, 1, 1645525357, 1645525357, 5, 5);
INSERT INTO `fb_base_lang` VALUES (336812964298358784, 5, 'brief', 'zh-CN', 'nl', 2400, 8, 'Zakelijk pak, slim pak, inclusief jurk, vest en broek', 1, 50, 1, 1645525356, 1645525356, 5, 5);
INSERT INTO `fb_base_lang` VALUES (336812962410921984, 5, 'brief', 'zh-CN', 'ko', 2400, 8, '비즈니스 세트, 슬림한 양복, 드레스 조끼와 긴 바지 포함', 1, 50, 1, 1645525356, 1645525356, 5, 5);
INSERT INTO `fb_base_lang` VALUES (336812961303625728, 5, 'brief', 'zh-CN', 'jp', 2400, 8, 'ビジネススーツ、修身スーツ、ドレスのチョッキとズボンを含む', 1, 50, 1, 1645525355, 1645525355, 5, 5);
INSERT INTO `fb_base_lang` VALUES (336812958950621184, 5, 'brief', 'zh-CN', 'ar', 2400, 8, 'تناسب الأعمال التجارية ، تناسب سليم ، بما في ذلك سترة اللباس والسراويل', 1, 50, 1, 1645525355, 1645525355, 5, 5);
INSERT INTO `fb_base_lang` VALUES (336812957327425536, 5, 'brief', 'zh-CN', 'tr', 2400, 8, 'İş elbisesi, küçük elbise, elbise ve pantolon dahil.', 1, 50, 1, 1645525355, 1645525355, 5, 5);
INSERT INTO `fb_base_lang` VALUES (336812956157214720, 5, 'brief', 'zh-CN', 'pt', 2400, 8, 'Fato de negócios, terno fino, incluindo vestido, colete e calças', 1, 50, 1, 1645525354, 1645525354, 5, 5);
INSERT INTO `fb_base_lang` VALUES (336812953795821568, 5, 'brief', 'zh-CN', 'es', 2400, 8, 'Traje de negocios, traje Delgado, incluyendo chaleco y pantalones', 1, 50, 1, 1645525354, 1645525354, 5, 5);
INSERT INTO `fb_base_lang` VALUES (336812951463788544, 5, 'brief', 'zh-CN', 'it', 2400, 8, 'Abito da lavoro, abito slim, compreso vestito, gilet e pantaloni', 1, 50, 1, 1645525353, 1645525353, 5, 5);
INSERT INTO `fb_base_lang` VALUES (336812949161115648, 5, 'brief', 'zh-CN', 'ru', 2400, 8, 'бизнес - костюм, костюм, включая смокинг и брюки', 1, 50, 1, 1645525353, 1645525353, 5, 5);
INSERT INTO `fb_base_lang` VALUES (336812947152044032, 5, 'brief', 'zh-CN', 'de', 2400, 8, 'Business Anzug, Slim Anzug, einschließlich Kleid, Weste und Hose', 1, 50, 1, 1645525352, 1645525352, 5, 5);
INSERT INTO `fb_base_lang` VALUES (336812944681598976, 5, 'brief', 'zh-CN', 'fr', 2400, 8, 'Costume d\'affaires, costume mince, y compris veste de robe et pantalon', 1, 50, 1, 1645525352, 1645525352, 5, 5);
INSERT INTO `fb_base_lang` VALUES (336812943129706496, 5, 'brief', 'zh-CN', 'zh-HK', 2400, 8, '商務套裝，修身西裝，包含禮服背心和長褲', 1, 50, 1, 1645525351, 1645525351, 5, 5);
INSERT INTO `fb_base_lang` VALUES (336812941384876032, 5, 'brief', 'zh-CN', 'en', 2400, 8, 'Business suit, slim suit, including dress, vest and trousers', 1, 50, 1, 1645525351, 1645525351, 5, 5);
INSERT INTO `fb_base_lang` VALUES (336812940449546240, 5, 'name', 'zh-CN', 'sv', 2400, 8, 'Fato de negócios slim de homem', 1, 50, 1, 1645525350, 1645525350, 5, 5);
INSERT INTO `fb_base_lang` VALUES (336812938285285376, 5, 'name', 'zh-CN', 'nl', 2400, 8, 'Slim zakenpak voor heren', 1, 50, 1, 1645525350, 1645525350, 5, 5);
INSERT INTO `fb_base_lang` VALUES (336812936574009344, 5, 'name', 'zh-CN', 'ko', 2400, 8, '남성 슬림 비즈니스 양복 세트', 1, 50, 1, 1645525350, 1645525350, 5, 5);
INSERT INTO `fb_base_lang` VALUES (336812934405554176, 5, 'name', 'zh-CN', 'jp', 2400, 8, 'メンズスーツビジネススーツ', 1, 50, 1, 1645525349, 1645525349, 5, 5);
INSERT INTO `fb_base_lang` VALUES (336812933096931328, 5, 'name', 'zh-CN', 'ar', 2400, 8, 'تناسب الأعمال التجارية للرجال', 1, 50, 1, 1645525349, 1645525349, 5, 5);
INSERT INTO `fb_base_lang` VALUES (336812930316107776, 5, 'name', 'zh-CN', 'tr', 2400, 8, 'Erkeklerin küçük iş elbisesi.', 1, 50, 1, 1645525348, 1645525348, 5, 5);
INSERT INTO `fb_base_lang` VALUES (336812928529334272, 5, 'name', 'zh-CN', 'pt', 2400, 8, 'Fato de negócios slim de homem', 1, 50, 1, 1645525348, 1645525348, 5, 5);
INSERT INTO `fb_base_lang` VALUES (336812927292014592, 5, 'name', 'zh-CN', 'es', 2400, 8, 'Traje de negocios para hombres', 1, 50, 1, 1645525347, 1645525347, 5, 5);
INSERT INTO `fb_base_lang` VALUES (336812926004363264, 5, 'name', 'zh-CN', 'it', 2400, 8, 'Costume da lavoro slim da uomo', 1, 50, 1, 1645525347, 1645525347, 5, 5);
INSERT INTO `fb_base_lang` VALUES (336812924213395456, 5, 'name', 'zh-CN', 'ru', 2400, 8, 'костюм бизнес - костюм', 1, 50, 1, 1645525347, 1645525347, 5, 5);
INSERT INTO `fb_base_lang` VALUES (336812922342735872, 5, 'name', 'zh-CN', 'de', 2400, 8, 'Slim Business Anzug für Herren', 1, 50, 1, 1645525346, 1645525346, 5, 5);
INSERT INTO `fb_base_lang` VALUES (336812921222856704, 5, 'name', 'zh-CN', 'fr', 2400, 8, 'Costume d\'affaires pour hommes', 1, 50, 1, 1645525346, 1645525346, 5, 5);
INSERT INTO `fb_base_lang` VALUES (336812919092150272, 5, 'name', 'zh-CN', 'zh-HK', 2400, 8, '男士修身商務西裝套裝', 1, 50, 1, 1645525346, 1645525346, 5, 5);
INSERT INTO `fb_base_lang` VALUES (336812916705591296, 5, 'name', 'zh-CN', 'en', 2400, 8, 'Men\'s slim business suit', 1, 50, 1, 1645525345, 1645525345, 5, 5);
INSERT INTO `fb_base_lang` VALUES (336678286086111232, 5, 'brief', 'zh-CN', 'sv', 2550, 13, '', 1, 50, 1, 1645493246, 1645493246, 5, 5);
INSERT INTO `fb_base_lang` VALUES (336678286048362496, 5, 'brief', 'zh-CN', 'nl', 2550, 13, '', 1, 50, 1, 1645493246, 1645493246, 5, 5);
INSERT INTO `fb_base_lang` VALUES (336678286010613760, 5, 'brief', 'zh-CN', 'ko', 2550, 13, '', 1, 50, 1, 1645493246, 1645493246, 5, 5);
INSERT INTO `fb_base_lang` VALUES (336678285972865024, 5, 'brief', 'zh-CN', 'jp', 2550, 13, '', 1, 50, 1, 1645493246, 1645493246, 5, 5);
INSERT INTO `fb_base_lang` VALUES (336678285930921984, 5, 'brief', 'zh-CN', 'ar', 2550, 13, '', 1, 50, 1, 1645493246, 1645493246, 5, 5);
INSERT INTO `fb_base_lang` VALUES (336678285893173248, 5, 'brief', 'zh-CN', 'tr', 2550, 13, '', 1, 50, 1, 1645493246, 1645493246, 5, 5);
INSERT INTO `fb_base_lang` VALUES (336678285851230208, 5, 'brief', 'zh-CN', 'pt', 2550, 13, '', 1, 50, 1, 1645493246, 1645493246, 5, 5);
INSERT INTO `fb_base_lang` VALUES (336678285813481472, 5, 'brief', 'zh-CN', 'es', 2550, 13, '', 1, 50, 1, 1645493246, 1645493246, 5, 5);
INSERT INTO `fb_base_lang` VALUES (336678285775732736, 5, 'brief', 'zh-CN', 'it', 2550, 13, '', 1, 50, 1, 1645493246, 1645493246, 5, 5);
INSERT INTO `fb_base_lang` VALUES (336678285737984000, 5, 'brief', 'zh-CN', 'ru', 2550, 13, '', 1, 50, 1, 1645493246, 1645493246, 5, 5);
INSERT INTO `fb_base_lang` VALUES (336678285696040960, 5, 'brief', 'zh-CN', 'de', 2550, 13, '', 1, 50, 1, 1645493246, 1645493246, 5, 5);
INSERT INTO `fb_base_lang` VALUES (336678285654097920, 5, 'brief', 'zh-CN', 'fr', 2550, 13, '', 1, 50, 1, 1645493246, 1645493246, 5, 5);
INSERT INTO `fb_base_lang` VALUES (336678285612154880, 5, 'brief', 'zh-CN', 'zh-HK', 2550, 13, '', 1, 50, 1, 1645493246, 1645493246, 5, 5);
INSERT INTO `fb_base_lang` VALUES (336678285570211840, 5, 'brief', 'zh-CN', 'en', 2550, 13, '', 1, 50, 1, 1645493246, 1645493246, 5, 5);
INSERT INTO `fb_base_lang` VALUES (336678283993153536, 5, 'name', 'zh-CN', 'sv', 2550, 13, 'Local de origem', 1, 50, 1, 1645493246, 1645493246, 5, 5);
INSERT INTO `fb_base_lang` VALUES (336678281841475584, 5, 'name', 'zh-CN', 'nl', 2550, 13, 'Plaats van oorsprong', 1, 50, 1, 1645493246, 1645493246, 5, 5);
INSERT INTO `fb_base_lang` VALUES (336678280922923008, 5, 'name', 'zh-CN', 'ko', 2550, 13, '생산지', 1, 50, 1, 1645493245, 1645493245, 5, 5);
INSERT INTO `fb_base_lang` VALUES (336678279131955200, 5, 'name', 'zh-CN', 'jp', 2550, 13, '産地', 1, 50, 1, 1645493245, 1645493245, 5, 5);
INSERT INTO `fb_base_lang` VALUES (336678278041436160, 5, 'name', 'zh-CN', 'ar', 2550, 13, 'مكان المنشأ', 1, 50, 1, 1645493244, 1645493244, 5, 5);
INSERT INTO `fb_base_lang` VALUES (336678276015587328, 5, 'name', 'zh-CN', 'tr', 2550, 13, 'Kaynak Yeri', 1, 50, 1, 1645493244, 1645493244, 5, 5);
INSERT INTO `fb_base_lang` VALUES (336678274363031552, 5, 'name', 'zh-CN', 'pt', 2550, 13, 'Local de origem', 1, 50, 1, 1645493244, 1645493244, 5, 5);
INSERT INTO `fb_base_lang` VALUES (336678272425263104, 5, 'name', 'zh-CN', 'es', 2550, 13, 'Origen', 1, 50, 1, 1645493243, 1645493243, 5, 5);
INSERT INTO `fb_base_lang` VALUES (336678270344888320, 5, 'name', 'zh-CN', 'it', 2550, 13, 'Luogo d\'origine', 1, 50, 1, 1645493243, 1645493243, 5, 5);
INSERT INTO `fb_base_lang` VALUES (336678269304700928, 5, 'name', 'zh-CN', 'ru', 2550, 13, 'место происхождения', 1, 50, 1, 1645493242, 1645493242, 5, 5);
INSERT INTO `fb_base_lang` VALUES (336678267803140096, 5, 'name', 'zh-CN', 'de', 2550, 13, 'Ursprungsort', 1, 50, 1, 1645493242, 1645493242, 5, 5);
INSERT INTO `fb_base_lang` VALUES (336678265987006464, 5, 'name', 'zh-CN', 'fr', 2550, 13, 'Origine géographique', 1, 50, 1, 1645493242, 1645493242, 5, 5);
INSERT INTO `fb_base_lang` VALUES (336678264477057024, 5, 'name', 'zh-CN', 'zh-HK', 2550, 13, '產地', 1, 50, 1, 1645493241, 1645493241, 5, 5);
INSERT INTO `fb_base_lang` VALUES (336678262925164544, 5, 'name', 'zh-CN', 'en', 2550, 13, 'Place of Origin', 1, 50, 1, 1645493241, 1645493241, 5, 5);
INSERT INTO `fb_base_lang` VALUES (336678032339107840, 5, 'brief', 'zh-CN', 'sv', 2550, 12, '', 1, 50, 1, 1645493186, 1645493186, 5, 5);
INSERT INTO `fb_base_lang` VALUES (336678032301359104, 5, 'brief', 'zh-CN', 'nl', 2550, 12, '', 1, 50, 1, 1645493186, 1645493186, 5, 5);
INSERT INTO `fb_base_lang` VALUES (336678032263610368, 5, 'brief', 'zh-CN', 'ko', 2550, 12, '', 1, 50, 1, 1645493186, 1645493186, 5, 5);
INSERT INTO `fb_base_lang` VALUES (336678032217473024, 5, 'brief', 'zh-CN', 'jp', 2550, 12, '', 1, 50, 1, 1645493186, 1645493186, 5, 5);
INSERT INTO `fb_base_lang` VALUES (336678032179724288, 5, 'brief', 'zh-CN', 'ar', 2550, 12, '', 1, 50, 1, 1645493186, 1645493186, 5, 5);
INSERT INTO `fb_base_lang` VALUES (336678032137781248, 5, 'brief', 'zh-CN', 'tr', 2550, 12, '', 1, 50, 1, 1645493186, 1645493186, 5, 5);
INSERT INTO `fb_base_lang` VALUES (336678032095838208, 5, 'brief', 'zh-CN', 'pt', 2550, 12, '', 1, 50, 1, 1645493186, 1645493186, 5, 5);
INSERT INTO `fb_base_lang` VALUES (336678032053895168, 5, 'brief', 'zh-CN', 'es', 2550, 12, '', 1, 50, 1, 1645493186, 1645493186, 5, 5);
INSERT INTO `fb_base_lang` VALUES (336678032007757824, 5, 'brief', 'zh-CN', 'it', 2550, 12, '', 1, 50, 1, 1645493186, 1645493186, 5, 5);
INSERT INTO `fb_base_lang` VALUES (336678031965814784, 5, 'brief', 'zh-CN', 'ru', 2550, 12, '', 1, 50, 1, 1645493185, 1645493185, 5, 5);
INSERT INTO `fb_base_lang` VALUES (336678031919677440, 5, 'brief', 'zh-CN', 'de', 2550, 12, '', 1, 50, 1, 1645493185, 1645493185, 5, 5);
INSERT INTO `fb_base_lang` VALUES (336678031877734400, 5, 'brief', 'zh-CN', 'fr', 2550, 12, '', 1, 50, 1, 1645493185, 1645493185, 5, 5);
INSERT INTO `fb_base_lang` VALUES (336678031835791360, 5, 'brief', 'zh-CN', 'zh-HK', 2550, 12, '', 1, 50, 1, 1645493185, 1645493185, 5, 5);
INSERT INTO `fb_base_lang` VALUES (336678031793848320, 5, 'brief', 'zh-CN', 'en', 2550, 12, '', 1, 50, 1, 1645493185, 1645493185, 5, 5);
INSERT INTO `fb_base_lang` VALUES (336678029893828608, 5, 'name', 'zh-CN', 'sv', 2550, 12, 'textura do material', 1, 50, 1, 1645493185, 1645493185, 5, 5);
INSERT INTO `fb_base_lang` VALUES (336678028979470336, 5, 'name', 'zh-CN', 'nl', 2550, 12, 'textuur van het materiaal', 1, 50, 1, 1645493185, 1645493185, 5, 5);
INSERT INTO `fb_base_lang` VALUES (336678027490492416, 5, 'name', 'zh-CN', 'ko', 2550, 12, '재질', 1, 50, 1, 1645493185, 1645493185, 5, 5);
INSERT INTO `fb_base_lang` VALUES (336678025653387264, 5, 'name', 'zh-CN', 'jp', 2550, 12, 'マテリアル', 1, 50, 1, 1645493184, 1645493184, 5, 5);
INSERT INTO `fb_base_lang` VALUES (336678024579645440, 5, 'name', 'zh-CN', 'ar', 2550, 12, 'مادة', 1, 50, 1, 1645493184, 1645493184, 5, 5);
INSERT INTO `fb_base_lang` VALUES (336678022109200384, 5, 'name', 'zh-CN', 'tr', 2550, 12, 'materyal yapısı', 1, 50, 1, 1645493184, 1645493184, 5, 5);
INSERT INTO `fb_base_lang` VALUES (336678020473421824, 5, 'name', 'zh-CN', 'pt', 2550, 12, 'textura do material', 1, 50, 1, 1645493183, 1645493183, 5, 5);
INSERT INTO `fb_base_lang` VALUES (336678019697475584, 5, 'name', 'zh-CN', 'es', 2550, 12, 'Material', 1, 50, 1, 1645493183, 1645493183, 5, 5);
INSERT INTO `fb_base_lang` VALUES (336678017956839424, 5, 'name', 'zh-CN', 'it', 2550, 12, 'texture del materiale', 1, 50, 1, 1645493183, 1645493183, 5, 5);
INSERT INTO `fb_base_lang` VALUES (336678016795017216, 5, 'name', 'zh-CN', 'ru', 2550, 12, 'материал', 1, 50, 1, 1645493182, 1645493182, 5, 5);
INSERT INTO `fb_base_lang` VALUES (336678014899191808, 5, 'name', 'zh-CN', 'de', 2550, 12, 'Textur des Materials', 1, 50, 1, 1645493182, 1645493182, 5, 5);
INSERT INTO `fb_base_lang` VALUES (336678013708009472, 5, 'name', 'zh-CN', 'fr', 2550, 12, 'Matériel', 1, 50, 1, 1645493181, 1645493181, 5, 5);
INSERT INTO `fb_base_lang` VALUES (336678011870904320, 5, 'name', 'zh-CN', 'zh-HK', 2550, 12, '材質', 1, 50, 1, 1645493181, 1645493181, 5, 5);
INSERT INTO `fb_base_lang` VALUES (336678009480151040, 5, 'name', 'zh-CN', 'en', 2550, 12, 'Material', 1, 50, 1, 1645493181, 1645493230, 5, 5);
INSERT INTO `fb_base_lang` VALUES (294309000009220096, 5, 'brief', 'zh-CN', 'sv', 2520, 3, '', 1, 50, 1, 1635391621, 1635391621, 5, 5);
INSERT INTO `fb_base_lang` VALUES (294308999971471360, 5, 'brief', 'zh-CN', 'nl', 2520, 3, '', 1, 50, 1, 1635391621, 1635391621, 5, 5);
INSERT INTO `fb_base_lang` VALUES (294308999929528320, 5, 'brief', 'zh-CN', 'ko', 2520, 3, '', 1, 50, 1, 1635391621, 1635391621, 5, 5);
INSERT INTO `fb_base_lang` VALUES (294308999887585280, 5, 'brief', 'zh-CN', 'jp', 2520, 3, '', 1, 50, 1, 1635391621, 1635391621, 5, 5);
INSERT INTO `fb_base_lang` VALUES (294308999828865024, 5, 'brief', 'zh-CN', 'ar', 2520, 3, '', 1, 50, 1, 1635391621, 1635391621, 5, 5);
INSERT INTO `fb_base_lang` VALUES (294308999782727680, 5, 'brief', 'zh-CN', 'tr', 2520, 3, '', 1, 50, 1, 1635391621, 1635391621, 5, 5);
INSERT INTO `fb_base_lang` VALUES (294308999732396032, 5, 'brief', 'zh-CN', 'pt', 2520, 3, '', 1, 50, 1, 1635391621, 1635391621, 5, 5);
INSERT INTO `fb_base_lang` VALUES (294308999694647296, 5, 'brief', 'zh-CN', 'es', 2520, 3, '', 1, 50, 1, 1635391621, 1635391621, 5, 5);
INSERT INTO `fb_base_lang` VALUES (294308999652704256, 5, 'brief', 'zh-CN', 'it', 2520, 3, '', 1, 50, 1, 1635391621, 1635391621, 5, 5);
INSERT INTO `fb_base_lang` VALUES (294308999610761216, 5, 'brief', 'zh-CN', 'ru', 2520, 3, '', 1, 50, 1, 1635391621, 1635391621, 5, 5);
INSERT INTO `fb_base_lang` VALUES (294308999568818176, 5, 'brief', 'zh-CN', 'de', 2520, 3, '', 1, 50, 1, 1635391621, 1635391621, 5, 5);
INSERT INTO `fb_base_lang` VALUES (294308999531069440, 5, 'brief', 'zh-CN', 'fr', 2520, 3, '', 1, 50, 1, 1635391621, 1635391621, 5, 5);
INSERT INTO `fb_base_lang` VALUES (294308999489126400, 5, 'brief', 'zh-CN', 'zh-HK', 2520, 3, '', 1, 50, 1, 1635391621, 1635391621, 5, 5);
INSERT INTO `fb_base_lang` VALUES (294308999442989056, 5, 'brief', 'zh-CN', 'en', 2520, 3, '', 1, 50, 1, 1635391621, 1635391621, 5, 5);
INSERT INTO `fb_base_lang` VALUES (294308998486687744, 5, 'name', 'zh-CN', 'sv', 2520, 3, 'cor', 1, 50, 1, 1635391621, 1635391621, 5, 5);
INSERT INTO `fb_base_lang` VALUES (294308997450694656, 5, 'name', 'zh-CN', 'nl', 2520, 3, 'kleur', 1, 50, 1, 1635391621, 1635391621, 5, 5);
INSERT INTO `fb_base_lang` VALUES (294308996506976256, 5, 'name', 'zh-CN', 'ko', 2520, 3, '색채.', 1, 50, 1, 1635391620, 1635391620, 5, 5);
INSERT INTO `fb_base_lang` VALUES (294308995517120512, 5, 'name', 'zh-CN', 'jp', 2520, 3, '色', 1, 50, 1, 1635391620, 1635391620, 5, 5);
INSERT INTO `fb_base_lang` VALUES (294308994518876160, 5, 'name', 'zh-CN', 'ar', 2520, 3, 'لون', 1, 50, 1, 1635391620, 1635391620, 5, 5);
INSERT INTO `fb_base_lang` VALUES (294308993034092544, 5, 'name', 'zh-CN', 'tr', 2520, 3, 'renk', 1, 50, 1, 1635391620, 1635391620, 5, 5);
INSERT INTO `fb_base_lang` VALUES (294308992086179840, 5, 'name', 'zh-CN', 'pt', 2520, 3, 'cor', 1, 50, 1, 1635391619, 1635391619, 5, 5);
INSERT INTO `fb_base_lang` VALUES (294308990899191808, 5, 'name', 'zh-CN', 'es', 2520, 3, 'Color', 1, 50, 1, 1635391619, 1635391619, 5, 5);
INSERT INTO `fb_base_lang` VALUES (294308989829644288, 5, 'name', 'zh-CN', 'it', 2520, 3, 'colore', 1, 50, 1, 1635391619, 1635391619, 5, 5);
INSERT INTO `fb_base_lang` VALUES (294308988269363200, 5, 'name', 'zh-CN', 'ru', 2520, 3, 'цвет', 1, 50, 1, 1635391619, 1635391619, 5, 5);
INSERT INTO `fb_base_lang` VALUES (294308987011072000, 5, 'name', 'zh-CN', 'de', 2520, 3, 'Farbe', 1, 50, 1, 1635391618, 1635391618, 5, 5);
INSERT INTO `fb_base_lang` VALUES (294308985949913088, 5, 'name', 'zh-CN', 'fr', 2520, 3, 'Couleur', 1, 50, 1, 1635391618, 1635391618, 5, 5);
INSERT INTO `fb_base_lang` VALUES (294308982653190144, 5, 'name', 'zh-CN', 'zh-HK', 2520, 3, '色彩', 1, 50, 1, 1635391617, 1635391617, 5, 5);
INSERT INTO `fb_base_lang` VALUES (294308981139046400, 5, 'name', 'zh-CN', 'en', 2520, 3, 'color', 1, 50, 1, 1635391617, 1635391617, 5, 5);
INSERT INTO `fb_base_lang` VALUES (294289479416414208, 5, 'content', 'zh-CN', 'sv', 2400, 7, '', 1, 50, 1, 1635386967, 1635386967, 5, 5);
INSERT INTO `fb_base_lang` VALUES (294289479399636992, 5, 'content', 'zh-CN', 'nl', 2400, 7, '', 1, 50, 1, 1635386967, 1635386967, 5, 5);
INSERT INTO `fb_base_lang` VALUES (294289479378665472, 5, 'content', 'zh-CN', 'ko', 2400, 7, '', 1, 50, 1, 1635386967, 1635386967, 5, 5);
INSERT INTO `fb_base_lang` VALUES (294289479361888256, 5, 'content', 'zh-CN', 'jp', 2400, 7, '', 1, 50, 1, 1635386967, 1635386967, 5, 5);
INSERT INTO `fb_base_lang` VALUES (294289479345111040, 5, 'content', 'zh-CN', 'ar', 2400, 7, '', 1, 50, 1, 1635386967, 1635386967, 5, 5);
INSERT INTO `fb_base_lang` VALUES (294289479324139520, 5, 'content', 'zh-CN', 'tr', 2400, 7, '', 1, 50, 1, 1635386967, 1635386967, 5, 5);
INSERT INTO `fb_base_lang` VALUES (294289479307362304, 5, 'content', 'zh-CN', 'pt', 2400, 7, '', 1, 50, 1, 1635386967, 1635386967, 5, 5);
INSERT INTO `fb_base_lang` VALUES (294289479290585088, 5, 'content', 'zh-CN', 'es', 2400, 7, '', 1, 50, 1, 1635386967, 1635386967, 5, 5);
INSERT INTO `fb_base_lang` VALUES (294289479269613568, 5, 'content', 'zh-CN', 'it', 2400, 7, '', 1, 50, 1, 1635386967, 1635386967, 5, 5);
INSERT INTO `fb_base_lang` VALUES (294289479252836352, 5, 'content', 'zh-CN', 'ru', 2400, 7, '', 1, 50, 1, 1635386967, 1635386967, 5, 5);
INSERT INTO `fb_base_lang` VALUES (294289479231864832, 5, 'content', 'zh-CN', 'de', 2400, 7, '', 1, 50, 1, 1635386967, 1635386967, 5, 5);
INSERT INTO `fb_base_lang` VALUES (294289479215087616, 5, 'content', 'zh-CN', 'fr', 2400, 7, '', 1, 50, 1, 1635386967, 1635386967, 5, 5);
INSERT INTO `fb_base_lang` VALUES (294289479198310400, 5, 'content', 'zh-CN', 'zh-HK', 2400, 7, '', 1, 50, 1, 1635386967, 1635386967, 5, 5);
INSERT INTO `fb_base_lang` VALUES (294289479181533184, 5, 'content', 'zh-CN', 'en', 2400, 7, '<p>An very beautiful Dress</p>', 1, 50, 1, 1635386967, 1645493305, 5, 5);
INSERT INTO `fb_base_lang` VALUES (291848598478389248, 5, 'name', 'zh-CN', 'sv', 0, 1, 'roupas', 1, 50, 1, 1634805016, 1634805016, 5, 5);
INSERT INTO `fb_base_lang` VALUES (291848596209270784, 5, 'name', 'zh-CN', 'nl', 0, 1, 'kleding', 1, 50, 1, 1634805016, 1634805016, 5, 5);
INSERT INTO `fb_base_lang` VALUES (291848593772380160, 5, 'name', 'zh-CN', 'ko', 0, 1, '옷.', 1, 50, 1, 1634805015, 1634805015, 5, 5);
INSERT INTO `fb_base_lang` VALUES (291848591561981952, 5, 'name', 'zh-CN', 'jp', 0, 1, '服', 1, 50, 1, 1634805015, 1634805015, 5, 5);
INSERT INTO `fb_base_lang` VALUES (291848589573881856, 5, 'name', 'zh-CN', 'ar', 0, 1, 'ملابس .', 1, 50, 1, 1634805014, 1634805014, 5, 5);
INSERT INTO `fb_base_lang` VALUES (291848587430592512, 5, 'name', 'zh-CN', 'tr', 0, 1, 'Giysiler', 1, 50, 1, 1634805014, 1634805014, 5, 5);
INSERT INTO `fb_base_lang` VALUES (291848585295691776, 5, 'name', 'zh-CN', 'pt', 0, 1, 'roupas', 1, 50, 1, 1634805013, 1634805013, 5, 5);
INSERT INTO `fb_base_lang` VALUES (291848584326807552, 5, 'name', 'zh-CN', 'es', 0, 1, 'Ropa', 1, 50, 1, 1634805013, 1634805013, 5, 5);
INSERT INTO `fb_base_lang` VALUES (291848582204489728, 5, 'name', 'zh-CN', 'it', 0, 1, 'vestiti', 1, 50, 1, 1634805012, 1634805012, 5, 5);
INSERT INTO `fb_base_lang` VALUES (291848580048617472, 5, 'name', 'zh-CN', 'ru', 0, 1, 'одежда', 1, 50, 1, 1634805012, 1634805012, 5, 5);
INSERT INTO `fb_base_lang` VALUES (291848579016818688, 5, 'name', 'zh-CN', 'de', 0, 1, 'Kleidung', 1, 50, 1, 1634805011, 1634805011, 5, 5);
INSERT INTO `fb_base_lang` VALUES (291848576974192640, 5, 'name', 'zh-CN', 'fr', 0, 1, 'Vêtements', 1, 50, 1, 1634805011, 1634805011, 5, 5);
INSERT INTO `fb_base_lang` VALUES (291848574935760896, 5, 'name', 'zh-CN', 'zh-HK', 0, 1, '衣服', 1, 50, 1, 1634805011, 1634805011, 5, 5);
INSERT INTO `fb_base_lang` VALUES (291848572498870272, 5, 'name', 'zh-CN', 'en', 0, 1, 'clothes', 1, 50, 1, 1634805010, 1634805010, 5, 5);
INSERT INTO `fb_base_lang` VALUES (291846798643822592, 5, 'brief', 'zh-CN', 'sv', 2530, 1, '', 1, 50, 1, 1634804587, 1634804587, 5, 5);
INSERT INTO `fb_base_lang` VALUES (291846798601879552, 5, 'brief', 'zh-CN', 'nl', 2530, 1, '', 1, 50, 1, 1634804587, 1634804587, 5, 5);
INSERT INTO `fb_base_lang` VALUES (291846798559936512, 5, 'brief', 'zh-CN', 'ko', 2530, 1, '', 1, 50, 1, 1634804587, 1634804587, 5, 5);
INSERT INTO `fb_base_lang` VALUES (291846798522187776, 5, 'brief', 'zh-CN', 'jp', 2530, 1, '', 1, 50, 1, 1634804587, 1634804587, 5, 5);
INSERT INTO `fb_base_lang` VALUES (291846798480244736, 5, 'brief', 'zh-CN', 'ar', 2530, 1, '', 1, 50, 1, 1634804587, 1634804587, 5, 5);
INSERT INTO `fb_base_lang` VALUES (291846798438301696, 5, 'brief', 'zh-CN', 'tr', 2530, 1, '', 1, 50, 1, 1634804587, 1634804587, 5, 5);
INSERT INTO `fb_base_lang` VALUES (291846798396358656, 5, 'brief', 'zh-CN', 'pt', 2530, 1, '', 1, 50, 1, 1634804586, 1634804586, 5, 5);
INSERT INTO `fb_base_lang` VALUES (291846798358609920, 5, 'brief', 'zh-CN', 'es', 2530, 1, '', 1, 50, 1, 1634804586, 1634804586, 5, 5);
INSERT INTO `fb_base_lang` VALUES (291846798316666880, 5, 'brief', 'zh-CN', 'it', 2530, 1, '', 1, 50, 1, 1634804586, 1634804586, 5, 5);
INSERT INTO `fb_base_lang` VALUES (291846798274723840, 5, 'brief', 'zh-CN', 'ru', 2530, 1, '', 1, 50, 1, 1634804586, 1634804586, 5, 5);
INSERT INTO `fb_base_lang` VALUES (291846798232780800, 5, 'brief', 'zh-CN', 'de', 2530, 1, '', 1, 50, 1, 1634804586, 1634804586, 5, 5);
INSERT INTO `fb_base_lang` VALUES (291846798190837760, 5, 'brief', 'zh-CN', 'fr', 2530, 1, '', 1, 50, 1, 1634804586, 1634804586, 5, 5);
INSERT INTO `fb_base_lang` VALUES (291846798148894720, 5, 'brief', 'zh-CN', 'zh-HK', 2530, 1, '', 1, 50, 1, 1634804586, 1634804586, 5, 5);
INSERT INTO `fb_base_lang` VALUES (291846798094368768, 5, 'brief', 'zh-CN', 'en', 2530, 1, '', 1, 50, 1, 1634804586, 1634804586, 5, 5);
INSERT INTO `fb_base_lang` VALUES (291846797205176320, 5, 'name', 'zh-CN', 'sv', 2530, 1, 'gulos', 1, 50, 1, 1634804586, 1634804586, 5, 5);
INSERT INTO `fb_base_lang` VALUES (291846796269846528, 5, 'name', 'zh-CN', 'nl', 2530, 1, 'gules', 1, 50, 1, 1634804586, 1634804586, 5, 5);
INSERT INTO `fb_base_lang` VALUES (291846795430985728, 5, 'name', 'zh-CN', 'ko', 2530, 1, '빨강', 1, 50, 1, 1634804586, 1634804586, 5, 5);
INSERT INTO `fb_base_lang` VALUES (291846794449518592, 5, 'name', 'zh-CN', 'jp', 2530, 1, '赤い色', 1, 50, 1, 1634804586, 1634804586, 5, 5);
INSERT INTO `fb_base_lang` VALUES (291846793681960960, 5, 'name', 'zh-CN', 'ar', 2530, 1, 'رد : .', 1, 50, 1, 1634804586, 1634804586, 5, 5);
INSERT INTO `fb_base_lang` VALUES (291846792046182400, 5, 'name', 'zh-CN', 'tr', 2530, 1, 'gules', 1, 50, 1, 1634804585, 1634804585, 5, 5);
INSERT INTO `fb_base_lang` VALUES (291846790938886144, 5, 'name', 'zh-CN', 'pt', 2530, 1, 'gulos', 1, 50, 1, 1634804585, 1634804585, 5, 5);
INSERT INTO `fb_base_lang` VALUES (291846790137774080, 5, 'name', 'zh-CN', 'es', 2530, 1, 'Rojo', 1, 50, 1, 1634804585, 1634804585, 5, 5);
INSERT INTO `fb_base_lang` VALUES (291846788128702464, 5, 'name', 'zh-CN', 'it', 2530, 1, 'Guli', 1, 50, 1, 1634804585, 1634804585, 5, 5);
INSERT INTO `fb_base_lang` VALUES (291846787335979008, 5, 'name', 'zh-CN', 'ru', 2530, 1, 'красный', 1, 50, 1, 1634804584, 1634804584, 5, 5);
INSERT INTO `fb_base_lang` VALUES (291846786471952384, 5, 'name', 'zh-CN', 'de', 2530, 1, 'gules', 1, 50, 1, 1634804584, 1634804584, 5, 5);
INSERT INTO `fb_base_lang` VALUES (291846785385627648, 5, 'name', 'zh-CN', 'fr', 2530, 1, 'Rouge', 1, 50, 1, 1634804584, 1634804584, 5, 5);
INSERT INTO `fb_base_lang` VALUES (291846784538378240, 5, 'name', 'zh-CN', 'zh-HK', 2530, 1, '紅色', 1, 50, 1, 1634804583, 1634804583, 5, 5);
INSERT INTO `fb_base_lang` VALUES (291846783481413632, 5, 'name', 'zh-CN', 'en', 2530, 1, 'gules', 1, 50, 1, 1634804583, 1634804583, 5, 5);
INSERT INTO `fb_base_lang` VALUES (291844543765020672, 5, 'brief', 'zh-CN', 'sv', 2520, 2, '', 1, 50, 1, 1634804049, 1634804049, 5, 5);
INSERT INTO `fb_base_lang` VALUES (291844543731466240, 5, 'brief', 'zh-CN', 'nl', 2520, 2, '', 1, 50, 1, 1634804049, 1634804049, 5, 5);
INSERT INTO `fb_base_lang` VALUES (291844543689523200, 5, 'brief', 'zh-CN', 'ko', 2520, 2, '', 1, 50, 1, 1634804049, 1634804049, 5, 5);
INSERT INTO `fb_base_lang` VALUES (291844543647580160, 5, 'brief', 'zh-CN', 'jp', 2520, 2, '', 1, 50, 1, 1634804049, 1634804049, 5, 5);
INSERT INTO `fb_base_lang` VALUES (291844543605637120, 5, 'brief', 'zh-CN', 'ar', 2520, 2, '', 1, 50, 1, 1634804049, 1634804049, 5, 5);
INSERT INTO `fb_base_lang` VALUES (291844543559499776, 5, 'brief', 'zh-CN', 'tr', 2520, 2, '', 1, 50, 1, 1634804049, 1634804049, 5, 5);
INSERT INTO `fb_base_lang` VALUES (291844543517556736, 5, 'brief', 'zh-CN', 'pt', 2520, 2, '', 1, 50, 1, 1634804049, 1634804049, 5, 5);
INSERT INTO `fb_base_lang` VALUES (291844543475613696, 5, 'brief', 'zh-CN', 'es', 2520, 2, '', 1, 50, 1, 1634804049, 1634804049, 5, 5);
INSERT INTO `fb_base_lang` VALUES (291844543433670656, 5, 'brief', 'zh-CN', 'it', 2520, 2, '', 1, 50, 1, 1634804049, 1634804049, 5, 5);
INSERT INTO `fb_base_lang` VALUES (291844543391727616, 5, 'brief', 'zh-CN', 'ru', 2520, 2, '', 1, 50, 1, 1634804049, 1634804049, 5, 5);
INSERT INTO `fb_base_lang` VALUES (291844543349784576, 5, 'brief', 'zh-CN', 'de', 2520, 2, '', 1, 50, 1, 1634804049, 1634804049, 5, 5);
INSERT INTO `fb_base_lang` VALUES (291844543286870016, 5, 'brief', 'zh-CN', 'fr', 2520, 2, '', 1, 50, 1, 1634804049, 1634804049, 5, 5);
INSERT INTO `fb_base_lang` VALUES (291844543244926976, 5, 'brief', 'zh-CN', 'zh-HK', 2520, 2, '', 1, 50, 1, 1634804049, 1634804049, 5, 5);
INSERT INTO `fb_base_lang` VALUES (291844543202983936, 5, 'brief', 'zh-CN', 'en', 2520, 2, '', 1, 50, 1, 1634804049, 1634804049, 5, 5);
INSERT INTO `fb_base_lang` VALUES (291844542229905408, 5, 'name', 'zh-CN', 'sv', 2520, 2, 'tamanho', 1, 50, 1, 1634804049, 1634804049, 5, 5);
INSERT INTO `fb_base_lang` VALUES (291844541168746496, 5, 'name', 'zh-CN', 'nl', 2520, 2, 'grootte', 1, 50, 1, 1634804049, 1634804049, 5, 5);
INSERT INTO `fb_base_lang` VALUES (291844540321497088, 5, 'name', 'zh-CN', 'ko', 2520, 2, '사이즈', 1, 50, 1, 1634804048, 1634804048, 5, 5);
INSERT INTO `fb_base_lang` VALUES (291844539461664768, 5, 'name', 'zh-CN', 'jp', 2520, 2, 'サイズ', 1, 50, 1, 1634804048, 1634804048, 5, 5);
INSERT INTO `fb_base_lang` VALUES (291844538396311552, 5, 'name', 'zh-CN', 'ar', 2520, 2, 'حجم', 1, 50, 1, 1634804048, 1634804048, 5, 5);
INSERT INTO `fb_base_lang` VALUES (291844536974442496, 5, 'name', 'zh-CN', 'tr', 2520, 2, 'size', 1, 50, 1, 1634804048, 1634804048, 5, 5);
INSERT INTO `fb_base_lang` VALUES (291844536089444352, 5, 'name', 'zh-CN', 'pt', 2520, 2, 'tamanho', 1, 50, 1, 1634804047, 1634804047, 5, 5);
INSERT INTO `fb_base_lang` VALUES (291844535204446208, 5, 'name', 'zh-CN', 'es', 2520, 2, 'Tamaño', 1, 50, 1, 1634804047, 1634804047, 5, 5);
INSERT INTO `fb_base_lang` VALUES (291844534344613888, 5, 'name', 'zh-CN', 'it', 2520, 2, 'dimensioni', 1, 50, 1, 1634804047, 1634804047, 5, 5);
INSERT INTO `fb_base_lang` VALUES (291844533551890432, 5, 'name', 'zh-CN', 'ru', 2520, 2, 'размер', 1, 50, 1, 1634804047, 1634804047, 5, 5);
INSERT INTO `fb_base_lang` VALUES (291844532578811904, 5, 'name', 'zh-CN', 'de', 2520, 2, 'Größe', 1, 50, 1, 1634804046, 1634804046, 5, 5);
INSERT INTO `fb_base_lang` VALUES (291844531576373248, 5, 'name', 'zh-CN', 'fr', 2520, 2, 'Taille', 1, 50, 1, 1634804046, 1634804046, 5, 5);
INSERT INTO `fb_base_lang` VALUES (291844530594906112, 5, 'name', 'zh-CN', 'zh-HK', 2520, 2, '尺碼', 1, 50, 1, 1634804046, 1634804046, 5, 5);
INSERT INTO `fb_base_lang` VALUES (291844530544574464, 5, 'name', 'zh-CN', 'en', 2520, 2, 'Size', 1, 50, 1, 1634804046, 1634804046, 5, 5);
INSERT INTO `fb_base_lang` VALUES (291844250830635008, 5, 'brief', 'zh-CN', 'sv', 2520, 1, '', 1, 50, 1, 1634803979, 1634803979, 5, 5);
INSERT INTO `fb_base_lang` VALUES (291844250784497664, 5, 'brief', 'zh-CN', 'nl', 2520, 1, '', 1, 50, 1, 1634803979, 1634803979, 5, 5);
INSERT INTO `fb_base_lang` VALUES (291844250738360320, 5, 'brief', 'zh-CN', 'ko', 2520, 1, '', 1, 50, 1, 1634803979, 1634803979, 5, 5);
INSERT INTO `fb_base_lang` VALUES (291844250696417280, 5, 'brief', 'zh-CN', 'jp', 2520, 1, '', 1, 50, 1, 1634803979, 1634803979, 5, 5);
INSERT INTO `fb_base_lang` VALUES (291844250654474240, 5, 'brief', 'zh-CN', 'ar', 2520, 1, '', 1, 50, 1, 1634803979, 1634803979, 5, 5);
INSERT INTO `fb_base_lang` VALUES (291844250616725504, 5, 'brief', 'zh-CN', 'tr', 2520, 1, '', 1, 50, 1, 1634803979, 1634803979, 5, 5);
INSERT INTO `fb_base_lang` VALUES (291844250578976768, 5, 'brief', 'zh-CN', 'pt', 2520, 1, '', 1, 50, 1, 1634803979, 1634803979, 5, 5);
INSERT INTO `fb_base_lang` VALUES (291844250528645120, 5, 'brief', 'zh-CN', 'es', 2520, 1, '', 1, 50, 1, 1634803979, 1634803979, 5, 5);
INSERT INTO `fb_base_lang` VALUES (291844250486702080, 5, 'brief', 'zh-CN', 'it', 2520, 1, '', 1, 50, 1, 1634803979, 1634803979, 5, 5);
INSERT INTO `fb_base_lang` VALUES (291844250444759040, 5, 'brief', 'zh-CN', 'ru', 2520, 1, '', 1, 50, 1, 1634803979, 1634803979, 5, 5);
INSERT INTO `fb_base_lang` VALUES (291844250407010304, 5, 'brief', 'zh-CN', 'de', 2520, 1, '', 1, 50, 1, 1634803979, 1634803979, 5, 5);
INSERT INTO `fb_base_lang` VALUES (291844250360872960, 5, 'brief', 'zh-CN', 'fr', 2520, 1, '', 1, 50, 1, 1634803979, 1634803979, 5, 5);
INSERT INTO `fb_base_lang` VALUES (291844250318929920, 5, 'brief', 'zh-CN', 'zh-HK', 2520, 1, '', 1, 50, 1, 1634803979, 1634803979, 5, 5);
INSERT INTO `fb_base_lang` VALUES (291844250264403968, 5, 'brief', 'zh-CN', 'en', 2520, 1, '', 1, 50, 1, 1634803979, 1634803979, 5, 5);
INSERT INTO `fb_base_lang` VALUES (291844248066588672, 5, 'name', 'zh-CN', 'sv', 2520, 1, 'cor', 1, 50, 1, 1634803979, 1634803979, 5, 5);
INSERT INTO `fb_base_lang` VALUES (291844246959292416, 5, 'name', 'zh-CN', 'nl', 2520, 1, 'kleur', 1, 50, 1, 1634803978, 1634803978, 5, 5);
INSERT INTO `fb_base_lang` VALUES (291844245986213888, 5, 'name', 'zh-CN', 'ko', 2520, 1, '색깔.', 1, 50, 1, 1634803978, 1634803978, 5, 5);
INSERT INTO `fb_base_lang` VALUES (291844245059272704, 5, 'name', 'zh-CN', 'jp', 2520, 1, '色', 1, 50, 1, 1634803978, 1634803978, 5, 5);
INSERT INTO `fb_base_lang` VALUES (291844244224606208, 5, 'name', 'zh-CN', 'ar', 2520, 1, 'الألوان', 1, 50, 1, 1634803978, 1634803978, 5, 5);
INSERT INTO `fb_base_lang` VALUES (291844242995675136, 5, 'name', 'zh-CN', 'tr', 2520, 1, 'renk', 1, 50, 1, 1634803978, 1634803978, 5, 5);
INSERT INTO `fb_base_lang` VALUES (291844241280204800, 5, 'name', 'zh-CN', 'pt', 2520, 1, 'cor', 1, 50, 1, 1634803977, 1634803977, 5, 5);
INSERT INTO `fb_base_lang` VALUES (291844240353263616, 5, 'name', 'zh-CN', 'es', 2520, 1, 'Color', 1, 50, 1, 1634803977, 1634803977, 5, 5);
INSERT INTO `fb_base_lang` VALUES (291844239501819904, 5, 'name', 'zh-CN', 'it', 2520, 1, 'colore', 1, 50, 1, 1634803977, 1634803977, 5, 5);
INSERT INTO `fb_base_lang` VALUES (291844238654570496, 5, 'name', 'zh-CN', 'ru', 2520, 1, 'цвет', 1, 50, 1, 1634803976, 1634803976, 5, 5);
INSERT INTO `fb_base_lang` VALUES (291844237631160320, 5, 'name', 'zh-CN', 'de', 2520, 1, 'Farbe', 1, 50, 1, 1634803976, 1634803976, 5, 5);
INSERT INTO `fb_base_lang` VALUES (291844236662276096, 5, 'name', 'zh-CN', 'fr', 2520, 1, 'Couleur', 1, 50, 1, 1634803976, 1634803976, 5, 5);
INSERT INTO `fb_base_lang` VALUES (291844235764695040, 5, 'name', 'zh-CN', 'zh-HK', 2520, 1, '顏色', 1, 50, 1, 1634803976, 1634803976, 5, 5);
INSERT INTO `fb_base_lang` VALUES (291844234816782336, 5, 'name', 'zh-CN', 'en', 2520, 1, 'colour', 1, 50, 1, 1634803976, 1634803976, 5, 5);
INSERT INTO `fb_base_lang` VALUES (291820899189915648, 5, 'name', 'zh-CN', 'sv', 2560, 3, 'Simplicidade', 1, 50, 1, 1634798412, 1634798412, 5, 5);
INSERT INTO `fb_base_lang` VALUES (291820896740442112, 5, 'name', 'zh-CN', 'nl', 2560, 3, 'Eenvoud', 1, 50, 1, 1634798412, 1634798412, 5, 5);
INSERT INTO `fb_base_lang` VALUES (291820894668455936, 5, 'name', 'zh-CN', 'ko', 2560, 3, '간략 하 다', 1, 50, 1, 1634798411, 1634798411, 5, 5);
INSERT INTO `fb_base_lang` VALUES (291820892420308992, 5, 'name', 'zh-CN', 'jp', 2560, 3, '簡単な約束', 1, 50, 1, 1634798411, 1634798411, 5, 5);
INSERT INTO `fb_base_lang` VALUES (291820890214105088, 5, 'name', 'zh-CN', 'ar', 2560, 3, 'بساطة', 1, 50, 1, 1634798410, 1634798410, 5, 5);
INSERT INTO `fb_base_lang` VALUES (291820887760437248, 5, 'name', 'zh-CN', 'tr', 2560, 3, 'Simplicity', 1, 50, 1, 1634798409, 1634798409, 5, 5);
INSERT INTO `fb_base_lang` VALUES (291820886485368832, 5, 'name', 'zh-CN', 'pt', 2560, 3, 'Simplicidade', 1, 50, 1, 1634798409, 1634798409, 5, 5);
INSERT INTO `fb_base_lang` VALUES (291820885218689024, 5, 'name', 'zh-CN', 'es', 2560, 3, 'Concisión', 1, 50, 1, 1634798409, 1634798409, 5, 5);
INSERT INTO `fb_base_lang` VALUES (291820882920210432, 5, 'name', 'zh-CN', 'it', 2560, 3, 'Semplicità', 1, 50, 1, 1634798408, 1634798408, 5, 5);
INSERT INTO `fb_base_lang` VALUES (291820880600760320, 5, 'name', 'zh-CN', 'ru', 2560, 3, 'упрощённый', 1, 50, 1, 1634798408, 1634798408, 5, 5);
INSERT INTO `fb_base_lang` VALUES (291820878335836160, 5, 'name', 'zh-CN', 'de', 2560, 3, 'Einfachheit', 1, 50, 1, 1634798407, 1634798407, 5, 5);
INSERT INTO `fb_base_lang` VALUES (291820876209324032, 5, 'name', 'zh-CN', 'fr', 2560, 3, 'Simplicité', 1, 50, 1, 1634798407, 1634798407, 5, 5);
INSERT INTO `fb_base_lang` VALUES (291820875299160064, 5, 'name', 'zh-CN', 'zh-HK', 2560, 3, '簡約', 1, 50, 1, 1634798406, 1634798406, 5, 5);
INSERT INTO `fb_base_lang` VALUES (291820873076178944, 5, 'name', 'zh-CN', 'en', 2560, 3, 'Simplicity', 1, 50, 1, 1634798406, 1634798406, 5, 5);
INSERT INTO `fb_base_lang` VALUES (291818789442420736, 5, 'brief', 'zh-CN', 'sv', 2550, 11, '', 1, 50, 1, 1634797909, 1634797909, 5, 5);
INSERT INTO `fb_base_lang` VALUES (291818789400477696, 5, 'brief', 'zh-CN', 'nl', 2550, 11, '', 1, 50, 1, 1634797909, 1634797909, 5, 5);
INSERT INTO `fb_base_lang` VALUES (291818789316591616, 5, 'brief', 'zh-CN', 'ko', 2550, 11, '', 1, 50, 1, 1634797909, 1634797909, 5, 5);
INSERT INTO `fb_base_lang` VALUES (291818789257871360, 5, 'brief', 'zh-CN', 'jp', 2550, 11, '', 1, 50, 1, 1634797909, 1634797909, 5, 5);
INSERT INTO `fb_base_lang` VALUES (291818789220122624, 5, 'brief', 'zh-CN', 'ar', 2550, 11, '', 1, 50, 1, 1634797909, 1634797909, 5, 5);
INSERT INTO `fb_base_lang` VALUES (291818789182373888, 5, 'brief', 'zh-CN', 'tr', 2550, 11, '', 1, 50, 1, 1634797909, 1634797909, 5, 5);
INSERT INTO `fb_base_lang` VALUES (291818789144625152, 5, 'brief', 'zh-CN', 'pt', 2550, 11, '', 1, 50, 1, 1634797909, 1634797909, 5, 5);
INSERT INTO `fb_base_lang` VALUES (291818789081710592, 5, 'brief', 'zh-CN', 'es', 2550, 11, '', 1, 50, 1, 1634797909, 1634797909, 5, 5);
INSERT INTO `fb_base_lang` VALUES (291818789031378944, 5, 'brief', 'zh-CN', 'it', 2550, 11, '', 1, 50, 1, 1634797909, 1634797909, 5, 5);
INSERT INTO `fb_base_lang` VALUES (291818788993630208, 5, 'brief', 'zh-CN', 'ru', 2550, 11, '', 1, 50, 1, 1634797909, 1634797909, 5, 5);
INSERT INTO `fb_base_lang` VALUES (291818788951687168, 5, 'brief', 'zh-CN', 'de', 2550, 11, '', 1, 50, 1, 1634797909, 1634797909, 5, 5);
INSERT INTO `fb_base_lang` VALUES (291818788909744128, 5, 'brief', 'zh-CN', 'fr', 2550, 11, '', 1, 50, 1, 1634797909, 1634797909, 5, 5);
INSERT INTO `fb_base_lang` VALUES (291818788871995392, 5, 'brief', 'zh-CN', 'zh-HK', 2550, 11, '', 1, 50, 1, 1634797908, 1634797908, 5, 5);
INSERT INTO `fb_base_lang` VALUES (291818788825858048, 5, 'brief', 'zh-CN', 'en', 2550, 11, '', 1, 50, 1, 1634797908, 1634797908, 5, 5);
INSERT INTO `fb_base_lang` VALUES (291818787907305472, 5, 'name', 'zh-CN', 'sv', 2550, 11, 'roupas', 1, 50, 1, 1634797908, 1634797908, 5, 5);
INSERT INTO `fb_base_lang` VALUES (291818786841952256, 5, 'name', 'zh-CN', 'nl', 2550, 11, 'kleding', 1, 50, 1, 1634797908, 1634797908, 5, 5);
INSERT INTO `fb_base_lang` VALUES (291818786045034496, 5, 'name', 'zh-CN', 'ko', 2550, 11, '옷.', 1, 50, 1, 1634797908, 1634797908, 5, 5);
INSERT INTO `fb_base_lang` VALUES (291818785126481920, 5, 'name', 'zh-CN', 'jp', 2550, 11, '服', 1, 50, 1, 1634797908, 1634797908, 5, 5);
INSERT INTO `fb_base_lang` VALUES (291818784203735040, 5, 'name', 'zh-CN', 'ar', 2550, 11, 'ملابس .', 1, 50, 1, 1634797908, 1634797908, 5, 5);
INSERT INTO `fb_base_lang` VALUES (291818783272599552, 5, 'name', 'zh-CN', 'tr', 2550, 11, 'Giysiler', 1, 50, 1, 1634797907, 1634797907, 5, 5);
INSERT INTO `fb_base_lang` VALUES (291818782370824192, 5, 'name', 'zh-CN', 'pt', 2550, 11, 'roupas', 1, 50, 1, 1634797907, 1634797907, 5, 5);
INSERT INTO `fb_base_lang` VALUES (291818781456465920, 5, 'name', 'zh-CN', 'es', 2550, 11, 'Ropa', 1, 50, 1, 1634797907, 1634797907, 5, 5);
INSERT INTO `fb_base_lang` VALUES (291818780625993728, 5, 'name', 'zh-CN', 'it', 2550, 11, 'vestiti', 1, 50, 1, 1634797907, 1634797907, 5, 5);
INSERT INTO `fb_base_lang` VALUES (291818779690663936, 5, 'name', 'zh-CN', 'ru', 2550, 11, 'одежда', 1, 50, 1, 1634797906, 1634797906, 5, 5);
INSERT INTO `fb_base_lang` VALUES (291818778675642368, 5, 'name', 'zh-CN', 'de', 2550, 11, 'Kleidung', 1, 50, 1, 1634797906, 1634797906, 5, 5);
INSERT INTO `fb_base_lang` VALUES (291818777866141696, 5, 'name', 'zh-CN', 'fr', 2550, 11, 'Vêtements', 1, 50, 1, 1634797906, 1634797906, 5, 5);
INSERT INTO `fb_base_lang` VALUES (291818777039863808, 5, 'name', 'zh-CN', 'zh-HK', 2550, 11, '衣服', 1, 50, 1, 1634797906, 1634797906, 5, 5);
INSERT INTO `fb_base_lang` VALUES (291818776083562496, 5, 'name', 'zh-CN', 'en', 2550, 11, 'clothes', 1, 50, 1, 1634797906, 1634797906, 5, 5);
INSERT INTO `fb_base_lang` VALUES (291756624488431616, 5, 'brief', 'zh-CN', 'sv', 2400, 7, 'Estilo retro', 1, 50, 1, 1634783088, 1634783088, 5, 5);
INSERT INTO `fb_base_lang` VALUES (291756623523741696, 5, 'brief', 'zh-CN', 'nl', 2400, 7, 'Retro stijl', 1, 50, 1, 1634783087, 1634783087, 5, 5);
INSERT INTO `fb_base_lang` VALUES (291756622479360000, 5, 'brief', 'zh-CN', 'ko', 2400, 7, '복고 풍', 1, 50, 1, 1634783087, 1634783087, 5, 5);
INSERT INTO `fb_base_lang` VALUES (291756621086851072, 5, 'brief', 'zh-CN', 'jp', 2400, 7, '復古風', 1, 50, 1, 1634783087, 1634783087, 5, 5);
INSERT INTO `fb_base_lang` VALUES (291756620038275072, 5, 'brief', 'zh-CN', 'ar', 2400, 7, 'الرجعية الرياح', 1, 50, 1, 1634783087, 1634783087, 5, 5);
INSERT INTO `fb_base_lang` VALUES (291756618792566784, 5, 'brief', 'zh-CN', 'tr', 2400, 7, 'Retro stili', 1, 50, 1, 1634783086, 1634783086, 5, 5);
INSERT INTO `fb_base_lang` VALUES (291756617710436352, 5, 'brief', 'zh-CN', 'pt', 2400, 7, 'Estilo retro', 1, 50, 1, 1634783086, 1634783086, 5, 5);
INSERT INTO `fb_base_lang` VALUES (291756616653471744, 5, 'brief', 'zh-CN', 'es', 2400, 7, 'Viento retro', 1, 50, 1, 1634783086, 1634783086, 5, 5);
INSERT INTO `fb_base_lang` VALUES (291756615567147008, 5, 'brief', 'zh-CN', 'it', 2400, 7, 'Retro stile', 1, 50, 1, 1634783085, 1634783085, 5, 5);
INSERT INTO `fb_base_lang` VALUES (291756614459850752, 5, 'brief', 'zh-CN', 'ru', 2400, 7, 'ретро', 1, 50, 1, 1634783085, 1634783085, 5, 5);
INSERT INTO `fb_base_lang` VALUES (291756613302222848, 5, 'brief', 'zh-CN', 'de', 2400, 7, 'Retro Stil', 1, 50, 1, 1634783085, 1634783085, 5, 5);
INSERT INTO `fb_base_lang` VALUES (291756612329144320, 5, 'brief', 'zh-CN', 'fr', 2400, 7, 'Vintage', 1, 50, 1, 1634783085, 1634783085, 5, 5);
INSERT INTO `fb_base_lang` VALUES (291756611322511360, 5, 'brief', 'zh-CN', 'zh-HK', 2400, 7, '復古風', 1, 50, 1, 1634783084, 1634783084, 5, 5);
INSERT INTO `fb_base_lang` VALUES (291756610458484736, 5, 'brief', 'zh-CN', 'en', 2400, 7, 'Retro style', 1, 50, 1, 1634783084, 1634783084, 5, 5);
INSERT INTO `fb_base_lang` VALUES (291756609556709376, 5, 'name', 'zh-CN', 'sv', 2400, 7, 'saia', 1, 50, 1, 1634783084, 1634783084, 5, 5);
INSERT INTO `fb_base_lang` VALUES (291756608516521984, 5, 'name', 'zh-CN', 'nl', 2400, 7, 'rok', 1, 50, 1, 1634783084, 1634783084, 5, 5);
INSERT INTO `fb_base_lang` VALUES (291756607715409920, 5, 'name', 'zh-CN', 'ko', 2400, 7, '치마.', 1, 50, 1, 1634783084, 1634783084, 5, 5);
INSERT INTO `fb_base_lang` VALUES (291756606893326336, 5, 'name', 'zh-CN', 'jp', 2400, 7, 'スカート', 1, 50, 1, 1634783083, 1634783083, 5, 5);
INSERT INTO `fb_base_lang` VALUES (291756605882499072, 5, 'name', 'zh-CN', 'ar', 2400, 7, 'تنورات', 1, 50, 1, 1634783083, 1634783083, 5, 5);
INSERT INTO `fb_base_lang` VALUES (291756604544516096, 5, 'name', 'zh-CN', 'tr', 2400, 7, 'etek', 1, 50, 1, 1634783083, 1634783083, 5, 5);
INSERT INTO `fb_base_lang` VALUES (291756603416248320, 5, 'name', 'zh-CN', 'pt', 2400, 7, 'saia', 1, 50, 1, 1634783083, 1634783083, 5, 5);
INSERT INTO `fb_base_lang` VALUES (291756602543833088, 5, 'name', 'zh-CN', 'es', 2400, 7, 'Falda', 1, 50, 1, 1634783082, 1634783082, 5, 5);
INSERT INTO `fb_base_lang` VALUES (291756601260376064, 5, 'name', 'zh-CN', 'it', 2400, 7, 'gonna', 1, 50, 1, 1634783082, 1634783082, 5, 5);
INSERT INTO `fb_base_lang` VALUES (291756600371183616, 5, 'name', 'zh-CN', 'ru', 2400, 7, 'юбка', 1, 50, 1, 1634783082, 1634783082, 5, 5);
INSERT INTO `fb_base_lang` VALUES (291756599481991168, 5, 'name', 'zh-CN', 'de', 2400, 7, 'Rock', 1, 50, 1, 1634783082, 1634783082, 5, 5);
INSERT INTO `fb_base_lang` VALUES (291756598508912640, 5, 'name', 'zh-CN', 'fr', 2400, 7, 'Jupe', 1, 50, 1, 1634783081, 1634783081, 5, 5);
INSERT INTO `fb_base_lang` VALUES (291756597661663232, 5, 'name', 'zh-CN', 'zh-HK', 2400, 7, '裙子', 1, 50, 1, 1634783081, 1634783081, 5, 5);
INSERT INTO `fb_base_lang` VALUES (291756596717944832, 5, 'name', 'zh-CN', 'en', 2400, 7, 'skirt', 1, 50, 1, 1634783081, 1634783081, 5, 5);
INSERT INTO `fb_base_lang` VALUES (291749626237681664, 5, 'content', 'zh-CN', 'sv', 2400, 5, '<p>2021 última saia, algodão &lt; br /&gt;</p>', 1, 50, 1, 1634781419, 1641370547, 5, 5);
INSERT INTO `fb_base_lang` VALUES (291749626220904448, 5, 'content', 'zh-CN', 'nl', 2400, 5, '<p>2021 nieuwste rok, katoen <br/>p&gt;</p>', 1, 50, 1, 1634781419, 1641370547, 5, 5);
INSERT INTO `fb_base_lang` VALUES (291749626204127232, 5, 'content', 'zh-CN', 'ko', 2400, 5, '<p>&lt; p &gt; 2021 최신 형 스커트, 면 &lt; br / &gt; &lt; / p &gt;</p>', 1, 50, 1, 1634781419, 1641370547, 5, 5);
INSERT INTO `fb_base_lang` VALUES (291749626183155712, 5, 'content', 'zh-CN', 'jp', 2400, 5, '<p>2021最新型のスカート、綿質<br/></p><p><br/></p>', 1, 50, 1, 1634781419, 1641370547, 5, 5);
INSERT INTO `fb_base_lang` VALUES (291749626166378496, 5, 'content', 'zh-CN', 'ar', 2400, 5, '<p>&lt; ر / &gt; أحدث تنورة من القطن في عام 2021</p>', 1, 50, 1, 1634781419, 1641370546, 5, 5);
INSERT INTO `fb_base_lang` VALUES (291749626149601280, 5, 'content', 'zh-CN', 'tr', 2400, 5, '<p>2021 son etek, pamuk &lt; br / &gt;</p>', 1, 50, 1, 1634781419, 1641370546, 5, 5);
INSERT INTO `fb_base_lang` VALUES (291749626132824064, 5, 'content', 'zh-CN', 'pt', 2400, 5, '<p>2021 última saia, algodão &lt; br /&gt;</p>', 1, 50, 1, 1634781419, 1641370546, 5, 5);
INSERT INTO `fb_base_lang` VALUES (291749626116046848, 5, 'content', 'zh-CN', 'es', 2400, 5, '<p>La última falda de 2021, algodón &lt; br / &gt; &lt; / p &gt;</p>', 1, 50, 1, 1634781419, 1641370546, 5, 5);
INSERT INTO `fb_base_lang` VALUES (291749626099269632, 5, 'content', 'zh-CN', 'it', 2400, 5, '<p>2021 ultima gonna, cotone <br/></p>', 1, 50, 1, 1634781419, 1641370546, 5, 5);
INSERT INTO `fb_base_lang` VALUES (291749626082492416, 5, 'content', 'zh-CN', 'ru', 2400, 5, '<p>юбка, хлопок &lt; br / &gt; / p</p>', 1, 50, 1, 1634781419, 1641370546, 5, 5);
INSERT INTO `fb_base_lang` VALUES (291749626065715200, 5, 'content', 'zh-CN', 'de', 2400, 5, '<p>2021 neuster Rock, Baumwolle &lt; br &gt;</p>', 1, 50, 1, 1634781419, 1641370546, 5, 5);
INSERT INTO `fb_base_lang` VALUES (291749626048937984, 5, 'content', 'zh-CN', 'fr', 2400, 5, '<p>&lt; p &gt; dernière jupe 2021, coton &lt; br / &gt; &lt; / p &gt;</p>', 1, 50, 1, 1634781419, 1641370546, 5, 5);
INSERT INTO `fb_base_lang` VALUES (291749626032160768, 5, 'content', 'zh-CN', 'zh-HK', 2400, 5, '<p>2021最新款的裙子，棉質<br/></p>', 1, 50, 1, 1634781419, 1634782094, 5, 5);
INSERT INTO `fb_base_lang` VALUES (291749626015383552, 5, 'content', 'zh-CN', 'en', 2400, 5, '<p>2021 latest skirt, cotton &lt; br / &gt;</p>', 1, 50, 1, 1634781419, 1641370546, 5, 5);
INSERT INTO `fb_base_lang` VALUES (291749625998606336, 5, 'brief', 'zh-CN', 'sv', 2400, 5, '2021 último', 1, 50, 1, 1634781419, 1634782093, 5, 5);
INSERT INTO `fb_base_lang` VALUES (291749625981829120, 5, 'brief', 'zh-CN', 'nl', 2400, 5, 'Uiterlijk 2021', 1, 50, 1, 1634781419, 1634782093, 5, 5);
INSERT INTO `fb_base_lang` VALUES (291749625965051904, 5, 'brief', 'zh-CN', 'ko', 2400, 5, '2021 최신 형', 1, 50, 1, 1634781419, 1634782092, 5, 5);
INSERT INTO `fb_base_lang` VALUES (291749625948274688, 5, 'brief', 'zh-CN', 'jp', 2400, 5, '2021最新型', 1, 50, 1, 1634781419, 1634782092, 5, 5);
INSERT INTO `fb_base_lang` VALUES (291749625931497472, 5, 'brief', 'zh-CN', 'ar', 2400, 5, 'أحدث', 1, 50, 1, 1634781419, 1634782091, 5, 5);
INSERT INTO `fb_base_lang` VALUES (291749625918914560, 5, 'brief', 'zh-CN', 'tr', 2400, 5, '2021 son', 1, 50, 1, 1634781419, 1634782090, 5, 5);
INSERT INTO `fb_base_lang` VALUES (291749625902137344, 5, 'brief', 'zh-CN', 'pt', 2400, 5, '2021 último', 1, 50, 1, 1634781419, 1634782090, 5, 5);
INSERT INTO `fb_base_lang` VALUES (291749625881165824, 5, 'brief', 'zh-CN', 'es', 2400, 5, '2021 último modelo', 1, 50, 1, 1634781419, 1634782089, 5, 5);
INSERT INTO `fb_base_lang` VALUES (291749625868582912, 5, 'brief', 'zh-CN', 'it', 2400, 5, '2021 più recente', 1, 50, 1, 1634781419, 1634782089, 5, 5);
INSERT INTO `fb_base_lang` VALUES (291749625851805696, 5, 'brief', 'zh-CN', 'ru', 2400, 5, 'последний абзац', 1, 50, 1, 1634781419, 1634782088, 5, 5);
INSERT INTO `fb_base_lang` VALUES (291749625835028480, 5, 'brief', 'zh-CN', 'de', 2400, 5, '2021 spätestens', 1, 50, 1, 1634781419, 1634782088, 5, 5);
INSERT INTO `fb_base_lang` VALUES (291749625818251264, 5, 'brief', 'zh-CN', 'fr', 2400, 5, 'Dernière version 2021', 1, 50, 1, 1634781419, 1634782087, 5, 5);
INSERT INTO `fb_base_lang` VALUES (291749625801474048, 5, 'brief', 'zh-CN', 'zh-HK', 2400, 5, '2021最新款', 1, 50, 1, 1634781419, 1634782086, 5, 5);
INSERT INTO `fb_base_lang` VALUES (291749625784696832, 5, 'brief', 'zh-CN', 'en', 2400, 5, '2021 latest', 1, 50, 1, 1634781419, 1634782086, 5, 5);
INSERT INTO `fb_base_lang` VALUES (291749625763725312, 5, 'name', 'zh-CN', 'sv', 2400, 5, '2021 novo vestido de inverno', 1, 50, 1, 1634781419, 1634782085, 5, 5);
INSERT INTO `fb_base_lang` VALUES (291749625746948096, 5, 'name', 'zh-CN', 'nl', 2400, 5, '2021 nieuwe winterjurk', 1, 50, 1, 1634781419, 1634782085, 5, 5);
INSERT INTO `fb_base_lang` VALUES (291749625730170880, 5, 'name', 'zh-CN', 'ko', 2400, 5, '2021 신상 겨울 원피스', 1, 50, 1, 1634781419, 1634782084, 5, 5);
INSERT INTO `fb_base_lang` VALUES (291749625713393664, 5, 'name', 'zh-CN', 'jp', 2400, 5, '2021新しい冬のワンピース', 1, 50, 1, 1634781419, 1634782084, 5, 5);
INSERT INTO `fb_base_lang` VALUES (291749625692422144, 5, 'name', 'zh-CN', 'ar', 2400, 5, 'فساتين شتاء جديدة', 1, 50, 1, 1634781419, 1634782083, 5, 5);
INSERT INTO `fb_base_lang` VALUES (291749625671450624, 5, 'name', 'zh-CN', 'tr', 2400, 5, '2021 yeni kış elbisesi', 1, 50, 1, 1634781419, 1634782083, 5, 5);
INSERT INTO `fb_base_lang` VALUES (291749625650479104, 5, 'name', 'zh-CN', 'pt', 2400, 5, '2021 novo vestido de inverno', 1, 50, 1, 1634781419, 1634782082, 5, 5);
INSERT INTO `fb_base_lang` VALUES (291749625633701888, 5, 'name', 'zh-CN', 'es', 2400, 5, 'Nuevo vestido de invierno 2021', 1, 50, 1, 1634781419, 1634782081, 5, 5);
INSERT INTO `fb_base_lang` VALUES (291749625616924672, 5, 'name', 'zh-CN', 'it', 2400, 5, '2021 nuovo vestito invernale', 1, 50, 1, 1634781419, 1634782081, 5, 5);
INSERT INTO `fb_base_lang` VALUES (291749625600147456, 5, 'name', 'zh-CN', 'ru', 2400, 5, 'зимнее платье', 1, 50, 1, 1634781419, 1634782080, 5, 5);
INSERT INTO `fb_base_lang` VALUES (291749625583370240, 5, 'name', 'zh-CN', 'de', 2400, 5, '2021 neues Winterkleid', 1, 50, 1, 1634781419, 1634782080, 5, 5);
INSERT INTO `fb_base_lang` VALUES (291749625558204416, 5, 'name', 'zh-CN', 'fr', 2400, 5, 'Nouvelle robe d\'hiver 2021', 1, 50, 1, 1634781419, 1634782079, 5, 5);
INSERT INTO `fb_base_lang` VALUES (291749625541427200, 5, 'name', 'zh-CN', 'zh-HK', 2400, 5, '2021新款冬季連衣裙', 1, 50, 1, 1634781419, 1634782078, 5, 5);
INSERT INTO `fb_base_lang` VALUES (291749625512067072, 5, 'name', 'zh-CN', 'en', 2400, 5, '2021 new winter dress', 1, 50, 1, 1634781419, 1634782078, 5, 5);
INSERT INTO `fb_base_lang` VALUES (291114518371631104, 5, 'brief', 'zh-CN', 'sv', 2570, 2, '', 1, 50, 1, 1634629997, 1634629997, 5, 5);
INSERT INTO `fb_base_lang` VALUES (291114518329688064, 5, 'brief', 'zh-CN', 'nl', 2570, 2, '', 1, 50, 1, 1634629997, 1634629997, 5, 5);
INSERT INTO `fb_base_lang` VALUES (291114518283550720, 5, 'brief', 'zh-CN', 'ko', 2570, 2, '', 1, 50, 1, 1634629997, 1634629997, 5, 5);
INSERT INTO `fb_base_lang` VALUES (291114518237413376, 5, 'brief', 'zh-CN', 'jp', 2570, 2, '', 1, 50, 1, 1634629997, 1634629997, 5, 5);
INSERT INTO `fb_base_lang` VALUES (291114518191276032, 5, 'brief', 'zh-CN', 'ar', 2570, 2, '', 1, 50, 1, 1634629997, 1634629997, 5, 5);
INSERT INTO `fb_base_lang` VALUES (291114518149332992, 5, 'brief', 'zh-CN', 'tr', 2570, 2, '', 1, 50, 1, 1634629997, 1634629997, 5, 5);
INSERT INTO `fb_base_lang` VALUES (291114518107389952, 5, 'brief', 'zh-CN', 'pt', 2570, 2, '', 1, 50, 1, 1634629997, 1634629997, 5, 5);
INSERT INTO `fb_base_lang` VALUES (291114518065446912, 5, 'brief', 'zh-CN', 'es', 2570, 2, '', 1, 50, 1, 1634629997, 1634629997, 5, 5);
INSERT INTO `fb_base_lang` VALUES (291114518019309568, 5, 'brief', 'zh-CN', 'it', 2570, 2, '', 1, 50, 1, 1634629997, 1634629997, 5, 5);
INSERT INTO `fb_base_lang` VALUES (291114517977366528, 5, 'brief', 'zh-CN', 'ru', 2570, 2, '', 1, 50, 1, 1634629997, 1634629997, 5, 5);
INSERT INTO `fb_base_lang` VALUES (291114517939617792, 5, 'brief', 'zh-CN', 'de', 2570, 2, '', 1, 50, 1, 1634629997, 1634629997, 5, 5);
INSERT INTO `fb_base_lang` VALUES (291114517897674752, 5, 'brief', 'zh-CN', 'fr', 2570, 2, '', 1, 50, 1, 1634629997, 1634629997, 5, 5);
INSERT INTO `fb_base_lang` VALUES (291114517859926016, 5, 'brief', 'zh-CN', 'zh-HK', 2570, 2, '', 1, 50, 1, 1634629997, 1634629997, 5, 5);
INSERT INTO `fb_base_lang` VALUES (291114517817982976, 5, 'brief', 'zh-CN', 'en', 2570, 2, '', 1, 50, 1, 1634629997, 1634629997, 5, 5);
INSERT INTO `fb_base_lang` VALUES (291114516865875968, 5, 'name', 'zh-CN', 'sv', 2570, 2, 'Apagar', 1, 50, 1, 1634629997, 1634629997, 5, 5);
INSERT INTO `fb_base_lang` VALUES (291114515733413888, 5, 'name', 'zh-CN', 'nl', 2570, 2, 'Erke.', 1, 50, 1, 1634629997, 1634629997, 5, 5);
INSERT INTO `fb_base_lang` VALUES (291114513934057472, 5, 'name', 'zh-CN', 'ko', 2570, 2, '홍 성 르 크', 1, 50, 1, 1634629997, 1634629997, 5, 5);
INSERT INTO `fb_base_lang` VALUES (291114512776429568, 5, 'name', 'zh-CN', 'jp', 2570, 2, '鴻星爾克', 1, 50, 1, 1634629996, 1634629996, 5, 5);
INSERT INTO `fb_base_lang` VALUES (291114511820128256, 5, 'name', 'zh-CN', 'ar', 2570, 2, 'هونغ شينغ إرك', 1, 50, 1, 1634629996, 1634629996, 5, 5);
INSERT INTO `fb_base_lang` VALUES (291114510381481984, 5, 'name', 'zh-CN', 'tr', 2570, 2, 'Erke', 1, 50, 1, 1634629996, 1634630059, 5, 5);
INSERT INTO `fb_base_lang` VALUES (291114509307740160, 5, 'name', 'zh-CN', 'pt', 2570, 2, 'Apagar', 1, 50, 1, 1634629995, 1634629995, 5, 5);
INSERT INTO `fb_base_lang` VALUES (291114508263358464, 5, 'name', 'zh-CN', 'es', 2570, 2, 'erke', 1, 50, 1, 1634629995, 1634630059, 5, 5);
INSERT INTO `fb_base_lang` VALUES (291114507193810944, 5, 'name', 'zh-CN', 'it', 2570, 2, 'Erke.', 1, 50, 1, 1634629995, 1634629995, 5, 5);
INSERT INTO `fb_base_lang` VALUES (291114506103291904, 5, 'name', 'zh-CN', 'ru', 2570, 2, 'Хунсин', 1, 50, 1, 1634629995, 1634629995, 5, 5);
INSERT INTO `fb_base_lang` VALUES (291114505109241856, 5, 'name', 'zh-CN', 'de', 2570, 2, 'Erke', 1, 50, 1, 1634629994, 1634629994, 5, 5);
INSERT INTO `fb_base_lang` VALUES (291114503960002560, 5, 'name', 'zh-CN', 'fr', 2570, 2, 'ERKE', 1, 50, 1, 1634629994, 1634630059, 5, 5);
INSERT INTO `fb_base_lang` VALUES (291114502781403136, 5, 'name', 'zh-CN', 'zh-HK', 2570, 2, '鴻星爾克', 1, 50, 1, 1634629994, 1634629994, 5, 5);
INSERT INTO `fb_base_lang` VALUES (291114502731071488, 5, 'name', 'zh-CN', 'en', 2570, 2, 'Erke', 1, 50, 1, 1634629994, 1634629994, 5, 5);
INSERT INTO `fb_base_lang` VALUES (291112566522904576, 5, 'brief', 'zh-CN', 'sv', 2570, 1, '', 1, 50, 1, 1634629532, 1634629532, 5, 5);
INSERT INTO `fb_base_lang` VALUES (291112566480961536, 5, 'brief', 'zh-CN', 'nl', 2570, 1, '', 1, 50, 1, 1634629532, 1634629532, 5, 5);
INSERT INTO `fb_base_lang` VALUES (291112566443212800, 5, 'brief', 'zh-CN', 'ko', 2570, 1, '', 1, 50, 1, 1634629532, 1634629532, 5, 5);
INSERT INTO `fb_base_lang` VALUES (291112566405464064, 5, 'brief', 'zh-CN', 'jp', 2570, 1, '', 1, 50, 1, 1634629532, 1634629532, 5, 5);
INSERT INTO `fb_base_lang` VALUES (291112566363521024, 5, 'brief', 'zh-CN', 'ar', 2570, 1, '', 1, 50, 1, 1634629532, 1634629532, 5, 5);
INSERT INTO `fb_base_lang` VALUES (291112566325772288, 5, 'brief', 'zh-CN', 'tr', 2570, 1, '', 1, 50, 1, 1634629532, 1634629532, 5, 5);
INSERT INTO `fb_base_lang` VALUES (291112566283829248, 5, 'brief', 'zh-CN', 'pt', 2570, 1, '', 1, 50, 1, 1634629532, 1634629532, 5, 5);
INSERT INTO `fb_base_lang` VALUES (291112566241886208, 5, 'brief', 'zh-CN', 'es', 2570, 1, '', 1, 50, 1, 1634629532, 1634629532, 5, 5);
INSERT INTO `fb_base_lang` VALUES (291112566199943168, 5, 'brief', 'zh-CN', 'it', 2570, 1, '', 1, 50, 1, 1634629532, 1634629532, 5, 5);
INSERT INTO `fb_base_lang` VALUES (291112566158000128, 5, 'brief', 'zh-CN', 'ru', 2570, 1, '', 1, 50, 1, 1634629532, 1634629532, 5, 5);
INSERT INTO `fb_base_lang` VALUES (291112566116057088, 5, 'brief', 'zh-CN', 'de', 2570, 1, '', 1, 50, 1, 1634629532, 1634629532, 5, 5);
INSERT INTO `fb_base_lang` VALUES (291112566069919744, 5, 'brief', 'zh-CN', 'fr', 2570, 1, '', 1, 50, 1, 1634629532, 1634629532, 5, 5);
INSERT INTO `fb_base_lang` VALUES (291112566032171008, 5, 'brief', 'zh-CN', 'zh-HK', 2570, 1, '', 1, 50, 1, 1634629532, 1634629532, 5, 5);
INSERT INTO `fb_base_lang` VALUES (291112565990227968, 5, 'brief', 'zh-CN', 'en', 2570, 1, '', 1, 50, 1, 1634629532, 1634629532, 5, 5);
INSERT INTO `fb_base_lang` VALUES (291112563544948736, 5, 'name', 'zh-CN', 'sv', 2570, 1, 'Apple', 1, 50, 1, 1634629532, 1634629587, 5, 5);
INSERT INTO `fb_base_lang` VALUES (291112561267441664, 5, 'name', 'zh-CN', 'nl', 2570, 1, 'Appel', 1, 50, 1, 1634629531, 1634629587, 5, 5);
INSERT INTO `fb_base_lang` VALUES (291112558910242816, 5, 'name', 'zh-CN', 'ko', 2570, 1, '사과', 1, 50, 1, 1634629531, 1634629531, 5, 5);
INSERT INTO `fb_base_lang` VALUES (291112556569821184, 5, 'name', 'zh-CN', 'jp', 2570, 1, 'アップル', 1, 50, 1, 1634629530, 1634629587, 5, 5);
INSERT INTO `fb_base_lang` VALUES (291112554124541952, 5, 'name', 'zh-CN', 'ar', 2570, 1, 'تفاحة', 1, 50, 1, 1634629530, 1634629530, 5, 5);
INSERT INTO `fb_base_lang` VALUES (291112551733788672, 5, 'name', 'zh-CN', 'tr', 2570, 1, 'Apple', 1, 50, 1, 1634629529, 1634629587, 5, 5);
INSERT INTO `fb_base_lang` VALUES (291112549246566400, 5, 'name', 'zh-CN', 'pt', 2570, 1, 'Apple', 1, 50, 1, 1634629528, 1634629587, 5, 5);
INSERT INTO `fb_base_lang` VALUES (291112546826452992, 5, 'name', 'zh-CN', 'es', 2570, 1, 'Apple', 1, 50, 1, 1634629528, 1634629587, 5, 5);
INSERT INTO `fb_base_lang` VALUES (291112544553140224, 5, 'name', 'zh-CN', 'it', 2570, 1, 'Mela', 1, 50, 1, 1634629527, 1634629587, 5, 5);
INSERT INTO `fb_base_lang` VALUES (291112542397267968, 5, 'name', 'zh-CN', 'ru', 2570, 1, 'яблоко', 1, 50, 1, 1634629527, 1634629527, 5, 5);
INSERT INTO `fb_base_lang` VALUES (291112539721302016, 5, 'name', 'zh-CN', 'de', 2570, 1, 'Apfel', 1, 50, 1, 1634629526, 1634629587, 5, 5);
INSERT INTO `fb_base_lang` VALUES (291112537460572160, 5, 'name', 'zh-CN', 'fr', 2570, 1, 'Apple', 1, 50, 1, 1634629526, 1634629587, 5, 5);
INSERT INTO `fb_base_lang` VALUES (291112535229202432, 5, 'name', 'zh-CN', 'zh-HK', 2570, 1, '蘋果', 1, 50, 1, 1634629525, 1634629587, 5, 5);
INSERT INTO `fb_base_lang` VALUES (291112535187259392, 5, 'name', 'zh-CN', 'en', 2570, 1, 'Apple', 1, 50, 1, 1634629525, 1634629525, 5, 5);
INSERT INTO `fb_base_lang` VALUES (291112264927281152, 5, 'redirect_url', 'zh-CN', 'sv', 2480, 32, '', 1, 50, 1, 1634629460, 1634629460, 5, 5);
INSERT INTO `fb_base_lang` VALUES (291112264889532416, 5, 'redirect_url', 'zh-CN', 'nl', 2480, 32, '', 1, 50, 1, 1634629460, 1634629460, 5, 5);
INSERT INTO `fb_base_lang` VALUES (291112264851783680, 5, 'redirect_url', 'zh-CN', 'ko', 2480, 32, '', 1, 50, 1, 1634629460, 1634629460, 5, 5);
INSERT INTO `fb_base_lang` VALUES (291112264814034944, 5, 'redirect_url', 'zh-CN', 'jp', 2480, 32, '', 1, 50, 1, 1634629460, 1634629460, 5, 5);
INSERT INTO `fb_base_lang` VALUES (291112264767897600, 5, 'redirect_url', 'zh-CN', 'ar', 2480, 32, '', 1, 50, 1, 1634629460, 1634629460, 5, 5);
INSERT INTO `fb_base_lang` VALUES (291112264730148864, 5, 'redirect_url', 'zh-CN', 'tr', 2480, 32, '', 1, 50, 1, 1634629460, 1634629460, 5, 5);
INSERT INTO `fb_base_lang` VALUES (291112264688205824, 5, 'redirect_url', 'zh-CN', 'pt', 2480, 32, '', 1, 50, 1, 1634629460, 1634629460, 5, 5);
INSERT INTO `fb_base_lang` VALUES (291112264650457088, 5, 'redirect_url', 'zh-CN', 'es', 2480, 32, '', 1, 50, 1, 1634629460, 1634629460, 5, 5);
INSERT INTO `fb_base_lang` VALUES (291112264608514048, 5, 'redirect_url', 'zh-CN', 'it', 2480, 32, '', 1, 50, 1, 1634629460, 1634629460, 5, 5);
INSERT INTO `fb_base_lang` VALUES (291112264570765312, 5, 'redirect_url', 'zh-CN', 'ru', 2480, 32, '', 1, 50, 1, 1634629460, 1634629460, 5, 5);
INSERT INTO `fb_base_lang` VALUES (291112264528822272, 5, 'redirect_url', 'zh-CN', 'de', 2480, 32, '', 1, 50, 1, 1634629460, 1634629460, 5, 5);
INSERT INTO `fb_base_lang` VALUES (291112264486879232, 5, 'redirect_url', 'zh-CN', 'fr', 2480, 32, '', 1, 50, 1, 1634629460, 1634629460, 5, 5);
INSERT INTO `fb_base_lang` VALUES (291112264444936192, 5, 'redirect_url', 'zh-CN', 'zh-HK', 2480, 32, '', 1, 50, 1, 1634629460, 1634629460, 5, 5);
INSERT INTO `fb_base_lang` VALUES (291112264407187456, 5, 'redirect_url', 'zh-CN', 'en', 2480, 32, '', 1, 50, 1, 1634629460, 1634629460, 5, 5);
INSERT INTO `fb_base_lang` VALUES (291112264369438720, 5, 'brief', 'zh-CN', 'sv', 2480, 32, '', 1, 50, 1, 1634629460, 1634629460, 5, 5);
INSERT INTO `fb_base_lang` VALUES (291112264323301376, 5, 'brief', 'zh-CN', 'nl', 2480, 32, '', 1, 50, 1, 1634629460, 1634629460, 5, 5);
INSERT INTO `fb_base_lang` VALUES (291112264285552640, 5, 'brief', 'zh-CN', 'ko', 2480, 32, '', 1, 50, 1, 1634629460, 1634629460, 5, 5);
INSERT INTO `fb_base_lang` VALUES (291112264247803904, 5, 'brief', 'zh-CN', 'jp', 2480, 32, '', 1, 50, 1, 1634629460, 1634629460, 5, 5);
INSERT INTO `fb_base_lang` VALUES (291112264210055168, 5, 'brief', 'zh-CN', 'ar', 2480, 32, '', 1, 50, 1, 1634629460, 1634629460, 5, 5);
INSERT INTO `fb_base_lang` VALUES (291112264168112128, 5, 'brief', 'zh-CN', 'tr', 2480, 32, '', 1, 50, 1, 1634629460, 1634629460, 5, 5);
INSERT INTO `fb_base_lang` VALUES (291112264130363392, 5, 'brief', 'zh-CN', 'pt', 2480, 32, '', 1, 50, 1, 1634629460, 1634629460, 5, 5);
INSERT INTO `fb_base_lang` VALUES (291112264092614656, 5, 'brief', 'zh-CN', 'es', 2480, 32, '', 1, 50, 1, 1634629460, 1634629460, 5, 5);
INSERT INTO `fb_base_lang` VALUES (291112264054865920, 5, 'brief', 'zh-CN', 'it', 2480, 32, '', 1, 50, 1, 1634629460, 1634629460, 5, 5);
INSERT INTO `fb_base_lang` VALUES (291112264008728576, 5, 'brief', 'zh-CN', 'ru', 2480, 32, '', 1, 50, 1, 1634629460, 1634629460, 5, 5);
INSERT INTO `fb_base_lang` VALUES (291112263966785536, 5, 'brief', 'zh-CN', 'de', 2480, 32, '', 1, 50, 1, 1634629460, 1634629460, 5, 5);
INSERT INTO `fb_base_lang` VALUES (291112263924842496, 5, 'brief', 'zh-CN', 'fr', 2480, 32, '', 1, 50, 1, 1634629460, 1634629460, 5, 5);
INSERT INTO `fb_base_lang` VALUES (291112263887093760, 5, 'brief', 'zh-CN', 'zh-HK', 2480, 32, '', 1, 50, 1, 1634629460, 1634629460, 5, 5);
INSERT INTO `fb_base_lang` VALUES (291112263845150720, 5, 'brief', 'zh-CN', 'en', 2480, 32, '', 1, 50, 1, 1634629460, 1634629460, 5, 5);
INSERT INTO `fb_base_lang` VALUES (291112261727027200, 5, 'name', 'zh-CN', 'sv', 2480, 32, 'Maçã', 1, 50, 1, 1634629460, 1634629460, 5, 5);
INSERT INTO `fb_base_lang` VALUES (291112259420160000, 5, 'name', 'zh-CN', 'nl', 2480, 32, 'Appel', 1, 50, 1, 1634629459, 1634629459, 5, 5);
INSERT INTO `fb_base_lang` VALUES (291112257272676352, 5, 'name', 'zh-CN', 'ko', 2480, 32, '• 사과', 1, 50, 1, 1634629459, 1634629459, 5, 5);
INSERT INTO `fb_base_lang` VALUES (291112255120998400, 5, 'name', 'zh-CN', 'jp', 2480, 32, 'アップル', 1, 50, 1, 1634629458, 1634629458, 5, 5);
INSERT INTO `fb_base_lang` VALUES (291112253061595136, 5, 'name', 'zh-CN', 'ar', 2480, 32, 'تفاحة .', 1, 50, 1, 1634629458, 1634629458, 5, 5);
INSERT INTO `fb_base_lang` VALUES (291112250146553856, 5, 'name', 'zh-CN', 'tr', 2480, 32, 'Apple', 1, 50, 1, 1634629457, 1634629457, 5, 5);
INSERT INTO `fb_base_lang` VALUES (291112247990681600, 5, 'name', 'zh-CN', 'pt', 2480, 32, 'Maçã', 1, 50, 1, 1634629457, 1634629457, 5, 5);
INSERT INTO `fb_base_lang` VALUES (291112245901918208, 5, 'name', 'zh-CN', 'es', 2480, 32, 'Manzana', 1, 50, 1, 1634629456, 1634629456, 5, 5);
INSERT INTO `fb_base_lang` VALUES (291112243611828224, 5, 'name', 'zh-CN', 'it', 2480, 32, 'Mela', 1, 50, 1, 1634629456, 1634629456, 5, 5);
INSERT INTO `fb_base_lang` VALUES (291112241527259136, 5, 'name', 'zh-CN', 'ru', 2480, 32, 'яблоко', 1, 50, 1, 1634629455, 1634629455, 5, 5);
INSERT INTO `fb_base_lang` VALUES (291112239451078656, 5, 'name', 'zh-CN', 'de', 2480, 32, 'Apfel', 1, 50, 1, 1634629454, 1634629454, 5, 5);
INSERT INTO `fb_base_lang` VALUES (291112237366509568, 5, 'name', 'zh-CN', 'fr', 2480, 32, 'Pommes', 1, 50, 1, 1634629454, 1634629454, 5, 5);
INSERT INTO `fb_base_lang` VALUES (291112235147722752, 5, 'name', 'zh-CN', 'zh-HK', 2480, 32, '蘋果', 1, 50, 1, 1634629453, 1634629453, 5, 5);
INSERT INTO `fb_base_lang` VALUES (291112235093196800, 5, 'name', 'zh-CN', 'en', 2480, 32, 'Apple', 1, 50, 1, 1634629453, 1634629453, 5, 5);
INSERT INTO `fb_base_lang` VALUES (291048489591242752, 5, 'redirect_url', 'zh-CN', 'sv', 2480, 31, '', 1, 50, 1, 1634614255, 1634614255, 5, 5);
INSERT INTO `fb_base_lang` VALUES (291048489549299712, 5, 'redirect_url', 'zh-CN', 'nl', 2480, 31, '', 1, 50, 1, 1634614255, 1634614255, 5, 5);
INSERT INTO `fb_base_lang` VALUES (291048489511550976, 5, 'redirect_url', 'zh-CN', 'ko', 2480, 31, '', 1, 50, 1, 1634614255, 1634614255, 5, 5);
INSERT INTO `fb_base_lang` VALUES (291048489469607936, 5, 'redirect_url', 'zh-CN', 'jp', 2480, 31, '', 1, 50, 1, 1634614255, 1634614255, 5, 5);
INSERT INTO `fb_base_lang` VALUES (291048489431859200, 5, 'redirect_url', 'zh-CN', 'ar', 2480, 31, '', 1, 50, 1, 1634614255, 1634614255, 5, 5);
INSERT INTO `fb_base_lang` VALUES (291048489394110464, 5, 'redirect_url', 'zh-CN', 'tr', 2480, 31, '', 1, 50, 1, 1634614255, 1634614255, 5, 5);
INSERT INTO `fb_base_lang` VALUES (291048489356361728, 5, 'redirect_url', 'zh-CN', 'pt', 2480, 31, '', 1, 50, 1, 1634614255, 1634614255, 5, 5);
INSERT INTO `fb_base_lang` VALUES (291048489318612992, 5, 'redirect_url', 'zh-CN', 'es', 2480, 31, '', 1, 50, 1, 1634614255, 1634614255, 5, 5);
INSERT INTO `fb_base_lang` VALUES (291048489272475648, 5, 'redirect_url', 'zh-CN', 'it', 2480, 31, '', 1, 50, 1, 1634614255, 1634614255, 5, 5);
INSERT INTO `fb_base_lang` VALUES (291048489217949696, 5, 'redirect_url', 'zh-CN', 'ru', 2480, 31, '', 1, 50, 1, 1634614255, 1634614255, 5, 5);
INSERT INTO `fb_base_lang` VALUES (291048489142452224, 5, 'redirect_url', 'zh-CN', 'de', 2480, 31, '', 1, 50, 1, 1634614255, 1634614255, 5, 5);
INSERT INTO `fb_base_lang` VALUES (291048489087926272, 5, 'redirect_url', 'zh-CN', 'fr', 2480, 31, '', 1, 50, 1, 1634614255, 1634614255, 5, 5);
INSERT INTO `fb_base_lang` VALUES (291048489050177536, 5, 'redirect_url', 'zh-CN', 'zh-HK', 2480, 31, '', 1, 50, 1, 1634614255, 1634614255, 5, 5);
INSERT INTO `fb_base_lang` VALUES (291048489004040192, 5, 'redirect_url', 'zh-CN', 'en', 2480, 31, '', 1, 50, 1, 1634614255, 1634614255, 5, 5);
INSERT INTO `fb_base_lang` VALUES (291048488966291456, 5, 'brief', 'zh-CN', 'sv', 2480, 31, '', 1, 50, 1, 1634614255, 1634614255, 5, 5);
INSERT INTO `fb_base_lang` VALUES (291048488928542720, 5, 'brief', 'zh-CN', 'nl', 2480, 31, '', 1, 50, 1, 1634614255, 1634614255, 5, 5);
INSERT INTO `fb_base_lang` VALUES (291048488886599680, 5, 'brief', 'zh-CN', 'ko', 2480, 31, '', 1, 50, 1, 1634614255, 1634614255, 5, 5);
INSERT INTO `fb_base_lang` VALUES (291048488836268032, 5, 'brief', 'zh-CN', 'jp', 2480, 31, '', 1, 50, 1, 1634614255, 1634614255, 5, 5);
INSERT INTO `fb_base_lang` VALUES (291048488798519296, 5, 'brief', 'zh-CN', 'ar', 2480, 31, '', 1, 50, 1, 1634614255, 1634614255, 5, 5);
INSERT INTO `fb_base_lang` VALUES (291048488756576256, 5, 'brief', 'zh-CN', 'tr', 2480, 31, '', 1, 50, 1, 1634614255, 1634614255, 5, 5);
INSERT INTO `fb_base_lang` VALUES (291048488718827520, 5, 'brief', 'zh-CN', 'pt', 2480, 31, '', 1, 50, 1, 1634614255, 1634614255, 5, 5);
INSERT INTO `fb_base_lang` VALUES (291048488676884480, 5, 'brief', 'zh-CN', 'es', 2480, 31, '', 1, 50, 1, 1634614255, 1634614255, 5, 5);
INSERT INTO `fb_base_lang` VALUES (291048488639135744, 5, 'brief', 'zh-CN', 'it', 2480, 31, '', 1, 50, 1, 1634614255, 1634614255, 5, 5);
INSERT INTO `fb_base_lang` VALUES (291048488601387008, 5, 'brief', 'zh-CN', 'ru', 2480, 31, '', 1, 50, 1, 1634614255, 1634614255, 5, 5);
INSERT INTO `fb_base_lang` VALUES (291048488563638272, 5, 'brief', 'zh-CN', 'de', 2480, 31, '', 1, 50, 1, 1634614255, 1634614255, 5, 5);
INSERT INTO `fb_base_lang` VALUES (291048488525889536, 5, 'brief', 'zh-CN', 'fr', 2480, 31, '', 1, 50, 1, 1634614255, 1634614255, 5, 5);
INSERT INTO `fb_base_lang` VALUES (291048488488140800, 5, 'brief', 'zh-CN', 'zh-HK', 2480, 31, '', 1, 50, 1, 1634614255, 1634614255, 5, 5);
INSERT INTO `fb_base_lang` VALUES (291048488446197760, 5, 'brief', 'zh-CN', 'en', 2480, 31, '', 1, 50, 1, 1634614255, 1634614255, 5, 5);
INSERT INTO `fb_base_lang` VALUES (291048488408449024, 5, 'name', 'zh-CN', 'sv', 2480, 31, 'Suéter', 1, 50, 1, 1634614255, 1634614268, 5, 5);
INSERT INTO `fb_base_lang` VALUES (291048488370700288, 5, 'name', 'zh-CN', 'nl', 2480, 31, 'sweater', 1, 50, 1, 1634614255, 1634614268, 5, 5);
INSERT INTO `fb_base_lang` VALUES (291048488332951552, 5, 'name', 'zh-CN', 'ko', 2480, 31, '스웨터', 1, 50, 1, 1634614255, 1634614267, 5, 5);
INSERT INTO `fb_base_lang` VALUES (291048488291008512, 5, 'name', 'zh-CN', 'jp', 2480, 31, 'セーター', 1, 50, 1, 1634614255, 1634614267, 5, 5);
INSERT INTO `fb_base_lang` VALUES (291048488249065472, 5, 'name', 'zh-CN', 'ar', 2480, 31, 'كنزة', 1, 50, 1, 1634614255, 1634614267, 5, 5);
INSERT INTO `fb_base_lang` VALUES (291048488207122432, 5, 'name', 'zh-CN', 'tr', 2480, 31, 'sweater', 1, 50, 1, 1634614255, 1634614267, 5, 5);
INSERT INTO `fb_base_lang` VALUES (291048488165179392, 5, 'name', 'zh-CN', 'pt', 2480, 31, 'Suéter', 1, 50, 1, 1634614254, 1634614266, 5, 5);
INSERT INTO `fb_base_lang` VALUES (291048488123236352, 5, 'name', 'zh-CN', 'es', 2480, 31, 'Suéter', 1, 50, 1, 1634614254, 1634614266, 5, 5);
INSERT INTO `fb_base_lang` VALUES (291048488081293312, 5, 'name', 'zh-CN', 'it', 2480, 31, 'maglione', 1, 50, 1, 1634614254, 1634614266, 5, 5);
INSERT INTO `fb_base_lang` VALUES (291048488043544576, 5, 'name', 'zh-CN', 'ru', 2480, 31, 'свитер', 1, 50, 1, 1634614254, 1634614266, 5, 5);
INSERT INTO `fb_base_lang` VALUES (291048488005795840, 5, 'name', 'zh-CN', 'de', 2480, 31, 'Pullover', 1, 50, 1, 1634614254, 1634614266, 5, 5);
INSERT INTO `fb_base_lang` VALUES (291048487968047104, 5, 'name', 'zh-CN', 'fr', 2480, 31, 'Pull', 1, 50, 1, 1634614254, 1634614265, 5, 5);
INSERT INTO `fb_base_lang` VALUES (291048487930298368, 5, 'name', 'zh-CN', 'zh-HK', 2480, 31, '毛衣', 1, 50, 1, 1634614254, 1634614265, 5, 5);
INSERT INTO `fb_base_lang` VALUES (291048487884161024, 5, 'name', 'zh-CN', 'en', 2480, 31, 'Sweater', 1, 50, 1, 1634614254, 1634614292, 5, 5);
INSERT INTO `fb_base_lang` VALUES (291047861892677632, 5, 'redirect_url', 'zh-CN', 'sv', 2480, 30, '', 1, 50, 1, 1634614105, 1634614105, 5, 5);
INSERT INTO `fb_base_lang` VALUES (291047861854928896, 5, 'redirect_url', 'zh-CN', 'nl', 2480, 30, '', 1, 50, 1, 1634614105, 1634614105, 5, 5);
INSERT INTO `fb_base_lang` VALUES (291047861817180160, 5, 'redirect_url', 'zh-CN', 'ko', 2480, 30, '', 1, 50, 1, 1634614105, 1634614105, 5, 5);
INSERT INTO `fb_base_lang` VALUES (291047861779431424, 5, 'redirect_url', 'zh-CN', 'jp', 2480, 30, '', 1, 50, 1, 1634614105, 1634614105, 5, 5);
INSERT INTO `fb_base_lang` VALUES (291047861741682688, 5, 'redirect_url', 'zh-CN', 'ar', 2480, 30, '', 1, 50, 1, 1634614105, 1634614105, 5, 5);
INSERT INTO `fb_base_lang` VALUES (291047861703933952, 5, 'redirect_url', 'zh-CN', 'tr', 2480, 30, '', 1, 50, 1, 1634614105, 1634614105, 5, 5);
INSERT INTO `fb_base_lang` VALUES (291047861666185216, 5, 'redirect_url', 'zh-CN', 'pt', 2480, 30, '', 1, 50, 1, 1634614105, 1634614105, 5, 5);
INSERT INTO `fb_base_lang` VALUES (291047861628436480, 5, 'redirect_url', 'zh-CN', 'es', 2480, 30, '', 1, 50, 1, 1634614105, 1634614105, 5, 5);
INSERT INTO `fb_base_lang` VALUES (291047861590687744, 5, 'redirect_url', 'zh-CN', 'it', 2480, 30, '', 1, 50, 1, 1634614105, 1634614105, 5, 5);
INSERT INTO `fb_base_lang` VALUES (291047861552939008, 5, 'redirect_url', 'zh-CN', 'ru', 2480, 30, '', 1, 50, 1, 1634614105, 1634614105, 5, 5);
INSERT INTO `fb_base_lang` VALUES (291047861510995968, 5, 'redirect_url', 'zh-CN', 'de', 2480, 30, '', 1, 50, 1, 1634614105, 1634614105, 5, 5);
INSERT INTO `fb_base_lang` VALUES (291047861473247232, 5, 'redirect_url', 'zh-CN', 'fr', 2480, 30, '', 1, 50, 1, 1634614105, 1634614105, 5, 5);
INSERT INTO `fb_base_lang` VALUES (291047861435498496, 5, 'redirect_url', 'zh-CN', 'zh-HK', 2480, 30, '', 1, 50, 1, 1634614105, 1634614105, 5, 5);
INSERT INTO `fb_base_lang` VALUES (291047861397749760, 5, 'redirect_url', 'zh-CN', 'en', 2480, 30, '', 1, 50, 1, 1634614105, 1634614105, 5, 5);
INSERT INTO `fb_base_lang` VALUES (291047860412088320, 5, 'brief', 'zh-CN', 'sv', 2480, 30, 'Vestido feminino', 1, 50, 1, 1634614105, 1634614105, 5, 5);
INSERT INTO `fb_base_lang` VALUES (291047859397066752, 5, 'brief', 'zh-CN', 'nl', 2480, 30, 'Vrouwelijke jurk', 1, 50, 1, 1634614105, 1634614105, 5, 5);
INSERT INTO `fb_base_lang` VALUES (291047858218467328, 5, 'brief', 'zh-CN', 'ko', 2480, 30, '여성 원피스', 1, 50, 1, 1634614105, 1634614105, 5, 5);
INSERT INTO `fb_base_lang` VALUES (291047857069228032, 5, 'brief', 'zh-CN', 'jp', 2480, 30, '女性のワンピース', 1, 50, 1, 1634614104, 1634614104, 5, 5);
INSERT INTO `fb_base_lang` VALUES (291047855676719104, 5, 'brief', 'zh-CN', 'ar', 2480, 30, 'فساتين نسائية', 1, 50, 1, 1634614104, 1634614104, 5, 5);
INSERT INTO `fb_base_lang` VALUES (291047849867608064, 5, 'brief', 'zh-CN', 'tr', 2480, 30, 'Kadınların elbisesi.', 1, 50, 1, 1634614104, 1634614104, 5, 5);
INSERT INTO `fb_base_lang` VALUES (291047848923889664, 5, 'brief', 'zh-CN', 'pt', 2480, 30, 'Vestido feminino', 1, 50, 1, 1634614102, 1634614102, 5, 5);
INSERT INTO `fb_base_lang` VALUES (291047847887896576, 5, 'brief', 'zh-CN', 'es', 2480, 30, 'Vestido de mujer', 1, 50, 1, 1634614102, 1634614102, 5, 5);
INSERT INTO `fb_base_lang` VALUES (291047846579273728, 5, 'brief', 'zh-CN', 'it', 2480, 30, 'Abito da donna', 1, 50, 1, 1634614102, 1634614102, 5, 5);
INSERT INTO `fb_base_lang` VALUES (291047845425840128, 5, 'brief', 'zh-CN', 'ru', 2480, 30, 'женское платье', 1, 50, 1, 1634614102, 1634614102, 5, 5);
INSERT INTO `fb_base_lang` VALUES (291047844347904000, 5, 'brief', 'zh-CN', 'de', 2480, 30, 'Weibliches Kleid', 1, 50, 1, 1634614101, 1634614101, 5, 5);
INSERT INTO `fb_base_lang` VALUES (291047843337076736, 5, 'brief', 'zh-CN', 'fr', 2480, 30, 'Robe de femme', 1, 50, 1, 1634614101, 1634614101, 5, 5);
INSERT INTO `fb_base_lang` VALUES (291047842259140608, 5, 'brief', 'zh-CN', 'zh-HK', 2480, 30, '女性連衣裙', 1, 50, 1, 1634614101, 1634614101, 5, 5);
INSERT INTO `fb_base_lang` VALUES (291047840690470912, 5, 'brief', 'zh-CN', 'en', 2480, 30, 'Women\'s dress', 1, 50, 1, 1634614100, 1634614100, 5, 5);
INSERT INTO `fb_base_lang` VALUES (291047839805472768, 5, 'name', 'zh-CN', 'sv', 2480, 30, 'Vestido', 1, 50, 1, 1634614100, 1634614100, 5, 5);
INSERT INTO `fb_base_lang` VALUES (291047838740119552, 5, 'name', 'zh-CN', 'nl', 2480, 30, 'Kleren', 1, 50, 1, 1634614100, 1634614100, 5, 5);
INSERT INTO `fb_base_lang` VALUES (291047838001922048, 5, 'name', 'zh-CN', 'ko', 2480, 30, '레이스 원피스', 1, 50, 1, 1634614100, 1634614100, 5, 5);
INSERT INTO `fb_base_lang` VALUES (291047837196615680, 5, 'name', 'zh-CN', 'jp', 2480, 30, 'ワンピース', 1, 50, 1, 1634614099, 1634614099, 5, 5);
INSERT INTO `fb_base_lang` VALUES (291047836210954240, 5, 'name', 'zh-CN', 'ar', 2480, 30, 'فساتين', 1, 50, 1, 1634614099, 1634614099, 5, 5);
INSERT INTO `fb_base_lang` VALUES (291047834977828864, 5, 'name', 'zh-CN', 'tr', 2480, 30, 'Giysi', 1, 50, 1, 1634614099, 1634614099, 5, 5);
INSERT INTO `fb_base_lang` VALUES (291047834021527552, 5, 'name', 'zh-CN', 'pt', 2480, 30, 'Vestido', 1, 50, 1, 1634614099, 1634614099, 5, 5);
INSERT INTO `fb_base_lang` VALUES (291047833266552832, 5, 'name', 'zh-CN', 'es', 2480, 30, 'Vestido', 1, 50, 1, 1634614099, 1634614099, 5, 5);
INSERT INTO `fb_base_lang` VALUES (291047832314445824, 5, 'name', 'zh-CN', 'it', 2480, 30, 'Vestito', 1, 50, 1, 1634614098, 1634614098, 5, 5);
INSERT INTO `fb_base_lang` VALUES (291047831467196416, 5, 'name', 'zh-CN', 'ru', 2480, 30, 'платье', 1, 50, 1, 1634614098, 1634614098, 5, 5);
INSERT INTO `fb_base_lang` VALUES (291047830414426112, 5, 'name', 'zh-CN', 'de', 2480, 30, 'Kleid', 1, 50, 1, 1634614098, 1634614098, 5, 5);
INSERT INTO `fb_base_lang` VALUES (291047829449736192, 5, 'name', 'zh-CN', 'fr', 2480, 30, 'Une robe.', 1, 50, 1, 1634614098, 1634614098, 5, 5);
INSERT INTO `fb_base_lang` VALUES (291047828631846912, 5, 'name', 'zh-CN', 'zh-HK', 2480, 30, '連衣裙', 1, 50, 1, 1634614097, 1634614097, 5, 5);
INSERT INTO `fb_base_lang` VALUES (291047827872677888, 5, 'name', 'zh-CN', 'en', 2480, 30, 'Dress', 1, 50, 1, 1634614097, 1634614097, 5, 5);
INSERT INTO `fb_base_lang` VALUES (291047583718047744, 5, 'redirect_url', 'zh-CN', 'sv', 2480, 29, '', 1, 50, 1, 1634614039, 1634614039, 5, 5);
INSERT INTO `fb_base_lang` VALUES (291047583680299008, 5, 'redirect_url', 'zh-CN', 'nl', 2480, 29, '', 1, 50, 1, 1634614039, 1634614039, 5, 5);
INSERT INTO `fb_base_lang` VALUES (291047583642550272, 5, 'redirect_url', 'zh-CN', 'ko', 2480, 29, '', 1, 50, 1, 1634614039, 1634614039, 5, 5);
INSERT INTO `fb_base_lang` VALUES (291047583600607232, 5, 'redirect_url', 'zh-CN', 'jp', 2480, 29, '', 1, 50, 1, 1634614039, 1634614039, 5, 5);
INSERT INTO `fb_base_lang` VALUES (291047583567052800, 5, 'redirect_url', 'zh-CN', 'ar', 2480, 29, '', 1, 50, 1, 1634614039, 1634614039, 5, 5);
INSERT INTO `fb_base_lang` VALUES (291047583520915456, 5, 'redirect_url', 'zh-CN', 'tr', 2480, 29, '', 1, 50, 1, 1634614039, 1634614039, 5, 5);
INSERT INTO `fb_base_lang` VALUES (291047583478972416, 5, 'redirect_url', 'zh-CN', 'pt', 2480, 29, '', 1, 50, 1, 1634614039, 1634614039, 5, 5);
INSERT INTO `fb_base_lang` VALUES (291047583437029376, 5, 'redirect_url', 'zh-CN', 'es', 2480, 29, '', 1, 50, 1, 1634614039, 1634614039, 5, 5);
INSERT INTO `fb_base_lang` VALUES (291047583395086336, 5, 'redirect_url', 'zh-CN', 'it', 2480, 29, '', 1, 50, 1, 1634614039, 1634614039, 5, 5);
INSERT INTO `fb_base_lang` VALUES (291047583353143296, 5, 'redirect_url', 'zh-CN', 'ru', 2480, 29, '', 1, 50, 1, 1634614039, 1634614039, 5, 5);
INSERT INTO `fb_base_lang` VALUES (291047583311200256, 5, 'redirect_url', 'zh-CN', 'de', 2480, 29, '', 1, 50, 1, 1634614039, 1634614039, 5, 5);
INSERT INTO `fb_base_lang` VALUES (291047583273451520, 5, 'redirect_url', 'zh-CN', 'fr', 2480, 29, '', 1, 50, 1, 1634614039, 1634614039, 5, 5);
INSERT INTO `fb_base_lang` VALUES (291047583235702784, 5, 'redirect_url', 'zh-CN', 'zh-HK', 2480, 29, '', 1, 50, 1, 1634614039, 1634614039, 5, 5);
INSERT INTO `fb_base_lang` VALUES (291047583197954048, 5, 'redirect_url', 'zh-CN', 'en', 2480, 29, '', 1, 50, 1, 1634614039, 1634614039, 5, 5);
INSERT INTO `fb_base_lang` VALUES (291047583156011008, 5, 'brief', 'zh-CN', 'sv', 2480, 29, '', 1, 50, 1, 1634614039, 1634614039, 5, 5);
INSERT INTO `fb_base_lang` VALUES (291047583114067968, 5, 'brief', 'zh-CN', 'nl', 2480, 29, '', 1, 50, 1, 1634614039, 1634614039, 5, 5);
INSERT INTO `fb_base_lang` VALUES (291047583076319232, 5, 'brief', 'zh-CN', 'ko', 2480, 29, '', 1, 50, 1, 1634614039, 1634614039, 5, 5);
INSERT INTO `fb_base_lang` VALUES (291047583038570496, 5, 'brief', 'zh-CN', 'jp', 2480, 29, '', 1, 50, 1, 1634614039, 1634614039, 5, 5);
INSERT INTO `fb_base_lang` VALUES (291047582996627456, 5, 'brief', 'zh-CN', 'ar', 2480, 29, '', 1, 50, 1, 1634614039, 1634614039, 5, 5);
INSERT INTO `fb_base_lang` VALUES (291047582963073024, 5, 'brief', 'zh-CN', 'tr', 2480, 29, '', 1, 50, 1, 1634614039, 1634614039, 5, 5);
INSERT INTO `fb_base_lang` VALUES (291047582925324288, 5, 'brief', 'zh-CN', 'pt', 2480, 29, '', 1, 50, 1, 1634614039, 1634614039, 5, 5);
INSERT INTO `fb_base_lang` VALUES (291047582883381248, 5, 'brief', 'zh-CN', 'es', 2480, 29, '', 1, 50, 1, 1634614039, 1634614039, 5, 5);
INSERT INTO `fb_base_lang` VALUES (291047582845632512, 5, 'brief', 'zh-CN', 'it', 2480, 29, '', 1, 50, 1, 1634614039, 1634614039, 5, 5);
INSERT INTO `fb_base_lang` VALUES (291047582807883776, 5, 'brief', 'zh-CN', 'ru', 2480, 29, '', 1, 50, 1, 1634614039, 1634614039, 5, 5);
INSERT INTO `fb_base_lang` VALUES (291047582770135040, 5, 'brief', 'zh-CN', 'de', 2480, 29, '', 1, 50, 1, 1634614039, 1634614039, 5, 5);
INSERT INTO `fb_base_lang` VALUES (291047582732386304, 5, 'brief', 'zh-CN', 'fr', 2480, 29, '', 1, 50, 1, 1634614039, 1634614039, 5, 5);
INSERT INTO `fb_base_lang` VALUES (291047582694637568, 5, 'brief', 'zh-CN', 'zh-HK', 2480, 29, '', 1, 50, 1, 1634614039, 1634614039, 5, 5);
INSERT INTO `fb_base_lang` VALUES (291047582648500224, 5, 'brief', 'zh-CN', 'en', 2480, 29, '', 1, 50, 1, 1634614039, 1634614039, 5, 5);
INSERT INTO `fb_base_lang` VALUES (291047582610751488, 5, 'name', 'zh-CN', 'sv', 2480, 29, '', 1, 50, 1, 1634614039, 1634614039, 5, 5);
INSERT INTO `fb_base_lang` VALUES (291047582573002752, 5, 'name', 'zh-CN', 'nl', 2480, 29, '', 1, 50, 1, 1634614039, 1634614039, 5, 5);
INSERT INTO `fb_base_lang` VALUES (291047582526865408, 5, 'name', 'zh-CN', 'ko', 2480, 29, '', 1, 50, 1, 1634614039, 1634614039, 5, 5);
INSERT INTO `fb_base_lang` VALUES (291047582480728064, 5, 'name', 'zh-CN', 'jp', 2480, 29, '', 1, 50, 1, 1634614039, 1634614039, 5, 5);
INSERT INTO `fb_base_lang` VALUES (291047582447173632, 5, 'name', 'zh-CN', 'ar', 2480, 29, '', 1, 50, 1, 1634614039, 1634614039, 5, 5);
INSERT INTO `fb_base_lang` VALUES (291047582405230592, 5, 'name', 'zh-CN', 'tr', 2480, 29, '', 1, 50, 1, 1634614039, 1634614039, 5, 5);
INSERT INTO `fb_base_lang` VALUES (291047582367481856, 5, 'name', 'zh-CN', 'pt', 2480, 29, '', 1, 50, 1, 1634614039, 1634614039, 5, 5);
INSERT INTO `fb_base_lang` VALUES (291047582325538816, 5, 'name', 'zh-CN', 'es', 2480, 29, '', 1, 50, 1, 1634614039, 1634614039, 5, 5);
INSERT INTO `fb_base_lang` VALUES (291047582287790080, 5, 'name', 'zh-CN', 'it', 2480, 29, '', 1, 50, 1, 1634614039, 1634614039, 5, 5);
INSERT INTO `fb_base_lang` VALUES (291047582250041344, 5, 'name', 'zh-CN', 'ru', 2480, 29, '', 1, 50, 1, 1634614039, 1634614039, 5, 5);
INSERT INTO `fb_base_lang` VALUES (291047582212292608, 5, 'name', 'zh-CN', 'de', 2480, 29, '', 1, 50, 1, 1634614039, 1634614039, 5, 5);
INSERT INTO `fb_base_lang` VALUES (291047582170349568, 5, 'name', 'zh-CN', 'fr', 2480, 29, '', 1, 50, 1, 1634614038, 1634614038, 5, 5);
INSERT INTO `fb_base_lang` VALUES (291047582132600832, 5, 'name', 'zh-CN', 'zh-HK', 2480, 29, '', 1, 50, 1, 1634614038, 1634614038, 5, 5);
INSERT INTO `fb_base_lang` VALUES (291047582094852096, 5, 'name', 'zh-CN', 'en', 2480, 29, 'Windbreaker', 1, 50, 1, 1634614038, 1634614038, 5, 5);
INSERT INTO `fb_base_lang` VALUES (291047388607414272, 5, 'redirect_url', 'zh-CN', 'sv', 2480, 2, '', 1, 50, 1, 1634613992, 1634613992, 5, 5);
INSERT INTO `fb_base_lang` VALUES (291047388565471232, 5, 'redirect_url', 'zh-CN', 'nl', 2480, 2, '', 1, 50, 1, 1634613992, 1634613992, 5, 5);
INSERT INTO `fb_base_lang` VALUES (291047388527722496, 5, 'redirect_url', 'zh-CN', 'ko', 2480, 2, '', 1, 50, 1, 1634613992, 1634613992, 5, 5);
INSERT INTO `fb_base_lang` VALUES (291047388485779456, 5, 'redirect_url', 'zh-CN', 'jp', 2480, 2, '', 1, 50, 1, 1634613992, 1634613992, 5, 5);
INSERT INTO `fb_base_lang` VALUES (291047388443836416, 5, 'redirect_url', 'zh-CN', 'ar', 2480, 2, '', 1, 50, 1, 1634613992, 1634613992, 5, 5);
INSERT INTO `fb_base_lang` VALUES (291047388406087680, 5, 'redirect_url', 'zh-CN', 'tr', 2480, 2, '', 1, 50, 1, 1634613992, 1634613992, 5, 5);
INSERT INTO `fb_base_lang` VALUES (291047388364144640, 5, 'redirect_url', 'zh-CN', 'pt', 2480, 2, '', 1, 50, 1, 1634613992, 1634613992, 5, 5);
INSERT INTO `fb_base_lang` VALUES (291047388322201600, 5, 'redirect_url', 'zh-CN', 'es', 2480, 2, '', 1, 50, 1, 1634613992, 1634613992, 5, 5);
INSERT INTO `fb_base_lang` VALUES (291047388284452864, 5, 'redirect_url', 'zh-CN', 'it', 2480, 2, '', 1, 50, 1, 1634613992, 1634613992, 5, 5);
INSERT INTO `fb_base_lang` VALUES (291047388242509824, 5, 'redirect_url', 'zh-CN', 'ru', 2480, 2, '', 1, 50, 1, 1634613992, 1634613992, 5, 5);
INSERT INTO `fb_base_lang` VALUES (291047388204761088, 5, 'redirect_url', 'zh-CN', 'de', 2480, 2, '', 1, 50, 1, 1634613992, 1634613992, 5, 5);
INSERT INTO `fb_base_lang` VALUES (291047388167012352, 5, 'redirect_url', 'zh-CN', 'fr', 2480, 2, '', 1, 50, 1, 1634613992, 1634613992, 5, 5);
INSERT INTO `fb_base_lang` VALUES (291047388125069312, 5, 'redirect_url', 'zh-CN', 'zh-HK', 2480, 2, '', 1, 50, 1, 1634613992, 1634613992, 5, 5);
INSERT INTO `fb_base_lang` VALUES (291047388087320576, 5, 'redirect_url', 'zh-CN', 'en', 2480, 2, '', 1, 50, 1, 1634613992, 1634613992, 5, 5);
INSERT INTO `fb_base_lang` VALUES (291047388049571840, 5, 'brief', 'zh-CN', 'sv', 2480, 2, '', 1, 50, 1, 1634613992, 1634613992, 5, 5);
INSERT INTO `fb_base_lang` VALUES (291047388011823104, 5, 'brief', 'zh-CN', 'nl', 2480, 2, '', 1, 50, 1, 1634613992, 1634613992, 5, 5);
INSERT INTO `fb_base_lang` VALUES (291047387974074368, 5, 'brief', 'zh-CN', 'ko', 2480, 2, '', 1, 50, 1, 1634613992, 1634613992, 5, 5);
INSERT INTO `fb_base_lang` VALUES (291047387932131328, 5, 'brief', 'zh-CN', 'jp', 2480, 2, '', 1, 50, 1, 1634613992, 1634613992, 5, 5);
INSERT INTO `fb_base_lang` VALUES (291047387898576896, 5, 'brief', 'zh-CN', 'ar', 2480, 2, '', 1, 50, 1, 1634613992, 1634613992, 5, 5);
INSERT INTO `fb_base_lang` VALUES (291047387856633856, 5, 'brief', 'zh-CN', 'tr', 2480, 2, '', 1, 50, 1, 1634613992, 1634613992, 5, 5);
INSERT INTO `fb_base_lang` VALUES (291047387818885120, 5, 'brief', 'zh-CN', 'pt', 2480, 2, '', 1, 50, 1, 1634613992, 1634613992, 5, 5);
INSERT INTO `fb_base_lang` VALUES (291047387781136384, 5, 'brief', 'zh-CN', 'es', 2480, 2, '', 1, 50, 1, 1634613992, 1634613992, 5, 5);
INSERT INTO `fb_base_lang` VALUES (291047387730804736, 5, 'brief', 'zh-CN', 'it', 2480, 2, '', 1, 50, 1, 1634613992, 1634613992, 5, 5);
INSERT INTO `fb_base_lang` VALUES (291047387663695872, 5, 'brief', 'zh-CN', 'ru', 2480, 2, '', 1, 50, 1, 1634613992, 1634613992, 5, 5);
INSERT INTO `fb_base_lang` VALUES (291047387625947136, 5, 'brief', 'zh-CN', 'de', 2480, 2, '', 1, 50, 1, 1634613992, 1634613992, 5, 5);
INSERT INTO `fb_base_lang` VALUES (291047387584004096, 5, 'brief', 'zh-CN', 'fr', 2480, 2, '', 1, 50, 1, 1634613992, 1634613992, 5, 5);
INSERT INTO `fb_base_lang` VALUES (291047387542061056, 5, 'brief', 'zh-CN', 'zh-HK', 2480, 2, '', 1, 50, 1, 1634613992, 1634613992, 5, 5);
INSERT INTO `fb_base_lang` VALUES (291047387500118016, 5, 'brief', 'zh-CN', 'en', 2480, 2, '', 1, 50, 1, 1634613992, 1634613992, 5, 5);
INSERT INTO `fb_base_lang` VALUES (291047386678034432, 5, 'name', 'zh-CN', 'sv', 2480, 2, 'FATO de homem', 1, 50, 1, 1634613992, 1634613992, 5, 5);
INSERT INTO `fb_base_lang` VALUES (291047385742704640, 5, 'name', 'zh-CN', 'nl', 2480, 2, 'mannenpak', 1, 50, 1, 1634613992, 1634613992, 5, 5);
INSERT INTO `fb_base_lang` VALUES (291047384908038144, 5, 'name', 'zh-CN', 'ko', 2480, 2, '양복.', 1, 50, 1, 1634613992, 1634613992, 5, 5);
INSERT INTO `fb_base_lang` VALUES (291047384106926080, 5, 'name', 'zh-CN', 'jp', 2480, 2, '洋服', 1, 50, 1, 1634613991, 1634613991, 5, 5);
INSERT INTO `fb_base_lang` VALUES (291047383221927936, 5, 'name', 'zh-CN', 'ar', 2480, 2, 'تناسب', 1, 50, 1, 1634613991, 1634613991, 5, 5);
INSERT INTO `fb_base_lang` VALUES (291047381875556352, 5, 'name', 'zh-CN', 'tr', 2480, 2, 'Adamın elbisesi.', 1, 50, 1, 1634613991, 1634613991, 5, 5);
INSERT INTO `fb_base_lang` VALUES (291047380839563264, 5, 'name', 'zh-CN', 'pt', 2480, 2, 'FATO de homem', 1, 50, 1, 1634613991, 1634613991, 5, 5);
INSERT INTO `fb_base_lang` VALUES (291047379983925248, 5, 'name', 'zh-CN', 'es', 2480, 2, 'Traje', 1, 50, 1, 1634613990, 1634613990, 5, 5);
INSERT INTO `fb_base_lang` VALUES (291047379149258752, 5, 'name', 'zh-CN', 'it', 2480, 2, 'Abito da uomo', 1, 50, 1, 1634613990, 1634613990, 5, 5);
INSERT INTO `fb_base_lang` VALUES (291047378167791616, 5, 'name', 'zh-CN', 'ru', 2480, 2, 'пиджак', 1, 50, 1, 1634613990, 1634613990, 5, 5);
INSERT INTO `fb_base_lang` VALUES (291047377077272576, 5, 'name', 'zh-CN', 'de', 2480, 2, 'Mann\'s suit', 1, 50, 1, 1634613990, 1634613990, 5, 5);
INSERT INTO `fb_base_lang` VALUES (291047376003530752, 5, 'name', 'zh-CN', 'fr', 2480, 2, 'Costumes', 1, 50, 1, 1634613990, 1634613990, 5, 5);
INSERT INTO `fb_base_lang` VALUES (291047374988509184, 5, 'name', 'zh-CN', 'zh-HK', 2480, 2, '西服', 1, 50, 1, 1634613989, 1634613989, 5, 5);
INSERT INTO `fb_base_lang` VALUES (291047374950760448, 5, 'name', 'zh-CN', 'en', 2480, 2, 'Western-style clothes', 1, 50, 1, 1634613989, 1634613989, 5, 5);
INSERT INTO `fb_base_lang` VALUES (291046739249463296, 5, 'redirect_url', 'zh-CN', 'sv', 2480, 1, '', 1, 50, 1, 1634613838, 1634613838, 5, 5);
INSERT INTO `fb_base_lang` VALUES (291046739211714560, 5, 'redirect_url', 'zh-CN', 'nl', 2480, 1, '', 1, 50, 1, 1634613838, 1634613838, 5, 5);
INSERT INTO `fb_base_lang` VALUES (291046739169771520, 5, 'redirect_url', 'zh-CN', 'ko', 2480, 1, '', 1, 50, 1, 1634613838, 1634613838, 5, 5);
INSERT INTO `fb_base_lang` VALUES (291046739127828480, 5, 'redirect_url', 'zh-CN', 'jp', 2480, 1, '', 1, 50, 1, 1634613837, 1634613837, 5, 5);
INSERT INTO `fb_base_lang` VALUES (291046739081691136, 5, 'redirect_url', 'zh-CN', 'ar', 2480, 1, '', 1, 50, 1, 1634613837, 1634613837, 5, 5);
INSERT INTO `fb_base_lang` VALUES (291046739031359488, 5, 'redirect_url', 'zh-CN', 'tr', 2480, 1, '', 1, 50, 1, 1634613837, 1634613837, 5, 5);
INSERT INTO `fb_base_lang` VALUES (291046738930696192, 5, 'redirect_url', 'zh-CN', 'pt', 2480, 1, '', 1, 50, 1, 1634613837, 1634613837, 5, 5);
INSERT INTO `fb_base_lang` VALUES (291046738880364544, 5, 'redirect_url', 'zh-CN', 'es', 2480, 1, '', 1, 50, 1, 1634613837, 1634613837, 5, 5);
INSERT INTO `fb_base_lang` VALUES (291046738842615808, 5, 'redirect_url', 'zh-CN', 'it', 2480, 1, '', 1, 50, 1, 1634613837, 1634613837, 5, 5);
INSERT INTO `fb_base_lang` VALUES (291046738800672768, 5, 'redirect_url', 'zh-CN', 'ru', 2480, 1, '', 1, 50, 1, 1634613837, 1634613837, 5, 5);
INSERT INTO `fb_base_lang` VALUES (291046738758729728, 5, 'redirect_url', 'zh-CN', 'de', 2480, 1, '', 1, 50, 1, 1634613837, 1634613837, 5, 5);
INSERT INTO `fb_base_lang` VALUES (291046738716786688, 5, 'redirect_url', 'zh-CN', 'fr', 2480, 1, '', 1, 50, 1, 1634613837, 1634613837, 5, 5);
INSERT INTO `fb_base_lang` VALUES (291046738674843648, 5, 'redirect_url', 'zh-CN', 'zh-HK', 2480, 1, '', 1, 50, 1, 1634613837, 1634613837, 5, 5);
INSERT INTO `fb_base_lang` VALUES (291046738632900608, 5, 'redirect_url', 'zh-CN', 'en', 2480, 1, '', 1, 50, 1, 1634613837, 1634613837, 5, 5);
INSERT INTO `fb_base_lang` VALUES (291046737789845504, 5, 'brief', 'zh-CN', 'sv', 2480, 1, 'Terno, incluindo a parte superior e inferior do Corpo', 1, 50, 1, 1634613837, 1634613837, 5, 5);
INSERT INTO `fb_base_lang` VALUES (291046736560914432, 5, 'brief', 'zh-CN', 'nl', 2480, 1, 'Maatpak, met inbegrip van bovenkleding en onderlichaam', 1, 50, 1, 1634613837, 1634613837, 5, 5);
INSERT INTO `fb_base_lang` VALUES (291046735382315008, 5, 'brief', 'zh-CN', 'ko', 2480, 1, '의상 세트, 상체 와 하체 의상 포함', 1, 50, 1, 1634613837, 1634613837, 5, 5);
INSERT INTO `fb_base_lang` VALUES (291046733184499712, 5, 'brief', 'zh-CN', 'jp', 2480, 1, 'スーツには、上半身とボトムスが含まれています。', 1, 50, 1, 1634613837, 1634613837, 5, 5);
INSERT INTO `fb_base_lang` VALUES (291046731922014208, 5, 'brief', 'zh-CN', 'ar', 2480, 1, 'دعوى ، بما في ذلك الملابس العليا والسفلى', 1, 50, 1, 1634613836, 1634613836, 5, 5);
INSERT INTO `fb_base_lang` VALUES (291046730558865408, 5, 'brief', 'zh-CN', 'tr', 2480, 1, 'Üst ve aşağı vücut giysileri dahil', 1, 50, 1, 1634613836, 1634613836, 5, 5);
INSERT INTO `fb_base_lang` VALUES (291046729342517248, 5, 'brief', 'zh-CN', 'pt', 2480, 1, 'Terno, incluindo a parte superior e inferior do Corpo', 1, 50, 1, 1634613835, 1634613835, 5, 5);
INSERT INTO `fb_base_lang` VALUES (291046728088420352, 5, 'brief', 'zh-CN', 'es', 2480, 1, 'Ropa de traje, incluida la parte superior e inferior del cuerpo', 1, 50, 1, 1634613835, 1634613835, 5, 5);
INSERT INTO `fb_base_lang` VALUES (291046726972735488, 5, 'brief', 'zh-CN', 'it', 2480, 1, 'Distintivo, compreso l\'abbigliamento superiore e inferiore del corpo', 1, 50, 1, 1634613835, 1634613835, 5, 5);
INSERT INTO `fb_base_lang` VALUES (291046725932548096, 5, 'brief', 'zh-CN', 'ru', 2480, 1, 'одежда, включая верхнюю и нижнюю одежду', 1, 50, 1, 1634613835, 1634613835, 5, 5);
INSERT INTO `fb_base_lang` VALUES (291046724829446144, 5, 'brief', 'zh-CN', 'de', 2480, 1, 'Anzug, einschließlich Ober- und Unterkleidung', 1, 50, 1, 1634613834, 1634613834, 5, 5);
INSERT INTO `fb_base_lang` VALUES (291046723566960640, 5, 'brief', 'zh-CN', 'fr', 2480, 1, 'Vêtements complets, y compris les vêtements supérieurs et inférieurs', 1, 50, 1, 1634613834, 1634613834, 5, 5);
INSERT INTO `fb_base_lang` VALUES (291046722514190336, 5, 'brief', 'zh-CN', 'zh-HK', 2480, 1, '套裝衣服，包含上身和下身服裝', 1, 50, 1, 1634613834, 1634613834, 5, 5);
INSERT INTO `fb_base_lang` VALUES (291046720438009856, 5, 'brief', 'zh-CN', 'en', 2480, 1, 'Suit, including upper and lower body clothing', 1, 50, 1, 1634613834, 1634613834, 5, 5);
INSERT INTO `fb_base_lang` VALUES (291046719578177536, 5, 'name', 'zh-CN', 'sv', 2480, 1, 'Terno', 1, 50, 1, 1634613833, 1634613833, 5, 5);
INSERT INTO `fb_base_lang` VALUES (291046718642847744, 5, 'name', 'zh-CN', 'nl', 2480, 1, 'Maatpak', 1, 50, 1, 1634613833, 1634613833, 5, 5);
INSERT INTO `fb_base_lang` VALUES (291046717753655296, 5, 'name', 'zh-CN', 'ko', 2480, 1, '슈트', 1, 50, 1, 1634613833, 1634613833, 5, 5);
INSERT INTO `fb_base_lang` VALUES (291046716986097664, 5, 'name', 'zh-CN', 'jp', 2480, 1, 'セット', 1, 50, 1, 1634613832, 1634613832, 5, 5);
INSERT INTO `fb_base_lang` VALUES (291046716046573568, 5, 'name', 'zh-CN', 'ar', 2480, 1, 'مجموعة', 1, 50, 1, 1634613832, 1634613832, 5, 5);
INSERT INTO `fb_base_lang` VALUES (291046715002191872, 5, 'name', 'zh-CN', 'tr', 2480, 1, 'suit', 1, 50, 1, 1634613832, 1634613832, 5, 5);
INSERT INTO `fb_base_lang` VALUES (291046714196885504, 5, 'name', 'zh-CN', 'pt', 2480, 1, 'Terno', 1, 50, 1, 1634613832, 1634613832, 5, 5);
INSERT INTO `fb_base_lang` VALUES (291046713328664576, 5, 'name', 'zh-CN', 'es', 2480, 1, 'Traje', 1, 50, 1, 1634613832, 1634613832, 5, 5);
INSERT INTO `fb_base_lang` VALUES (291046712347197440, 5, 'name', 'zh-CN', 'it', 2480, 1, 'completo', 1, 50, 1, 1634613831, 1634613831, 5, 5);
INSERT INTO `fb_base_lang` VALUES (291046711516725248, 5, 'name', 'zh-CN', 'ru', 2480, 1, 'надевать', 1, 50, 1, 1634613831, 1634613831, 5, 5);
INSERT INTO `fb_base_lang` VALUES (291046710694641664, 5, 'name', 'zh-CN', 'de', 2480, 1, 'Anzug', 1, 50, 1, 1634613831, 1634613831, 5, 5);
INSERT INTO `fb_base_lang` VALUES (291046709780283392, 5, 'name', 'zh-CN', 'fr', 2480, 1, 'Costumes', 1, 50, 1, 1634613831, 1634613831, 5, 5);
INSERT INTO `fb_base_lang` VALUES (291046708601683968, 5, 'name', 'zh-CN', 'zh-HK', 2480, 1, '套裝', 1, 50, 1, 1634613830, 1634613830, 5, 5);
INSERT INTO `fb_base_lang` VALUES (291046708555546624, 5, 'name', 'zh-CN', 'en', 2480, 1, 'Suit', 1, 50, 1, 1634613830, 1634613830, 5, 5);



SET FOREIGN_KEY_CHECKS = 1;